Código Actividad SII,Nombre Actividad SII,Código MCC,Nombre MCC,Registrado en restricciones adquirentes
011101,CULTIVO DE TRIGO,763,Cooperativas Agrícolas,763
011101,CULTIVO DE TRIGO,780,"Servicios de horticultura, Servicios de paisajismo",780
011102,CULTIVO DE MAÍZ,763,Cooperativas Agrícolas,763
011102,CULTIVO DE MAÍZ,780,"Servicios de horticultura, Servicios de paisajismo",780
011103,CULTIVO DE AVENA,763,Cooperativas Agrícolas,763
011103,CULTIVO DE AVENA,780,"Servicios de horticultura, Servicios de paisajismo",780
011104,CULTIVO DE CEBADA,763,Cooperativas Agrícolas,763
011104,CULTIVO DE CEBADA,780,"Servicios de horticultura, Servicios de paisajismo",780
011105,"CULTIVO DE OTROS CEREALES (EXCEPTO TRIGO, MAÍZ, AVENA Y CEBADA)",763,Cooperativas Agrícolas,763
011105,"CULTIVO DE OTROS CEREALES (EXCEPTO TRIGO, MAÍZ, AVENA Y CEBADA)",780,"Servicios de horticultura, Servicios de paisajismo",780
011106,CULTIVO DE POROTOS,763,Cooperativas Agrícolas,763
011106,CULTIVO DE POROTOS,780,"Servicios de horticultura, Servicios de paisajismo",780
011107,CULTIVO DE LUPINO,763,Cooperativas Agrícolas,763
011107,CULTIVO DE LUPINO,780,"Servicios de horticultura, Servicios de paisajismo",780
011108,CULTIVO DE OTRAS LEGUMBRES (EXCEPTO POROTOS Y LUPINO),763,Cooperativas Agrícolas,763
011108,CULTIVO DE OTRAS LEGUMBRES (EXCEPTO POROTOS Y LUPINO),780,"Servicios de horticultura, Servicios de paisajismo",780
011109,CULTIVO DE SEMILLAS DE RAPS,763,Cooperativas Agrícolas,763
011109,CULTIVO DE SEMILLAS DE RAPS,780,"Servicios de horticultura, Servicios de paisajismo",780
011109,CULTIVO DE SEMILLAS DE RAPS,5193,"Suministros para floristas, material para viveros y flores",5193
011110,CULTIVO DE SEMILLAS DE MARAVILLA (GIRASOL),763,Cooperativas Agrícolas,763
011110,CULTIVO DE SEMILLAS DE MARAVILLA (GIRASOL),780,"Servicios de horticultura, Servicios de paisajismo",780
011110,CULTIVO DE SEMILLAS DE MARAVILLA (GIRASOL),5193,"Suministros para floristas, material para viveros y flores",5193
011111,"CULTIVO DE SEMILLAS DE CEREALES, LEGUMBRES Y OLEAGINOSAS (EXCEPTO SEMILLAS DE RAPS Y MARAVILLA)",763,Cooperativas Agrícolas,763
011111,"CULTIVO DE SEMILLAS DE CEREALES, LEGUMBRES Y OLEAGINOSAS (EXCEPTO SEMILLAS DE RAPS Y MARAVILLA)",780,"Servicios de horticultura, Servicios de paisajismo",780
011111,"CULTIVO DE SEMILLAS DE CEREALES, LEGUMBRES Y OLEAGINOSAS (EXCEPTO SEMILLAS DE RAPS Y MARAVILLA)",5193,"Suministros para floristas, material para viveros y flores",5193
011200,CULTIVO DE ARROZ,763,Cooperativas Agrícolas,763
011200,CULTIVO DE ARROZ,780,"Servicios de horticultura, Servicios de paisajismo",780
011301,CULTIVO DE PAPAS,763,Cooperativas Agrícolas,763
011301,CULTIVO DE PAPAS,780,"Servicios de horticultura, Servicios de paisajismo",780
011302,CULTIVO DE CAMOTES,763,Cooperativas Agrícolas,763
011302,CULTIVO DE CAMOTES,780,"Servicios de horticultura, Servicios de paisajismo",780
011303,CULTIVO DE OTROS TUBÉRCULOS (EXCEPTO PAPAS Y CAMOTES),763,Cooperativas Agrícolas,763
011303,CULTIVO DE OTROS TUBÉRCULOS (EXCEPTO PAPAS Y CAMOTES),780,"Servicios de horticultura, Servicios de paisajismo",780
011304,CULTIVO DE REMOLACHA AZUCARERA,763,Cooperativas Agrícolas,763
011304,CULTIVO DE REMOLACHA AZUCARERA,780,"Servicios de horticultura, Servicios de paisajismo",780
011305,CULTIVO DE SEMILLAS DE HORTALIZAS,763,Cooperativas Agrícolas,763
011305,CULTIVO DE SEMILLAS DE HORTALIZAS,780,"Servicios de horticultura, Servicios de paisajismo",780
011305,CULTIVO DE SEMILLAS DE HORTALIZAS,5193,"Suministros para floristas, material para viveros y flores",5193
011306,CULTIVO DE HORTALIZAS Y MELONES,763,Cooperativas Agrícolas,763
011306,CULTIVO DE HORTALIZAS Y MELONES,780,"Servicios de horticultura, Servicios de paisajismo",780
011400,CULTIVO DE CAÑA DE AZÚCAR,763,Cooperativas Agrícolas,763
011400,CULTIVO DE CAÑA DE AZÚCAR,780,"Servicios de horticultura, Servicios de paisajismo",780
011500,CULTIVO DE TABACO,763,Cooperativas Agrícolas,763
011500,CULTIVO DE TABACO,780,"Servicios de horticultura, Servicios de paisajismo",780
011600,CULTIVO DE PLANTAS DE FIBRA,763,Cooperativas Agrícolas,763
011600,CULTIVO DE PLANTAS DE FIBRA,780,"Servicios de horticultura, Servicios de paisajismo",780
011901,CULTIVO DE FLORES,763,Cooperativas Agrícolas,763
011901,CULTIVO DE FLORES,780,"Servicios de horticultura, Servicios de paisajismo",780
011901,CULTIVO DE FLORES,5193,"Suministros para floristas, material para viveros y flores",5193
011901,CULTIVO DE FLORES,5992,floristas,5992
011902,CULTIVOS FORRAJEROS EN PRADERAS MEJORADAS O SEMBRADAS; CULTIVOS SUPLEMENTARIOS FORRAJEROS,763,Cooperativas Agrícolas,763
011902,CULTIVOS FORRAJEROS EN PRADERAS MEJORADAS O SEMBRADAS; CULTIVOS SUPLEMENTARIOS FORRAJEROS,780,"Servicios de horticultura, Servicios de paisajismo",780
011903,CULTIVOS DE SEMILLAS DE FLORES; CULTIVO DE SEMILLAS DE PLANTAS FORRAJERAS,763,Cooperativas Agrícolas,763
011903,CULTIVOS DE SEMILLAS DE FLORES; CULTIVO DE SEMILLAS DE PLANTAS FORRAJERAS,780,"Servicios de horticultura, Servicios de paisajismo",780
011903,CULTIVOS DE SEMILLAS DE FLORES; CULTIVO DE SEMILLAS DE PLANTAS FORRAJERAS,5193,"Suministros para floristas, material para viveros y flores",5193
011903,CULTIVOS DE SEMILLAS DE FLORES; CULTIVO DE SEMILLAS DE PLANTAS FORRAJERAS,5261,Viveros - Tienda de suministros para césped y jardín,5261
012111,CULTIVO DE UVA DESTINADA A LA PRODUCCIÓN DE PISCO Y AGUARDIENTE,763,Cooperativas Agrícolas,763
012111,CULTIVO DE UVA DESTINADA A LA PRODUCCIÓN DE PISCO Y AGUARDIENTE,780,"Servicios de horticultura, Servicios de paisajismo",780
012112,CULTIVO DE UVA DESTINADA A LA PRODUCCIÓN DE VINO,763,Cooperativas Agrícolas,763
012112,CULTIVO DE UVA DESTINADA A LA PRODUCCIÓN DE VINO,780,"Servicios de horticultura, Servicios de paisajismo",780
012120,CULTIVO DE UVA PARA MESA,763,Cooperativas Agrícolas,763
012120,CULTIVO DE UVA PARA MESA,780,"Servicios de horticultura, Servicios de paisajismo",780
012200,CULTIVO DE FRUTAS TROPICALES Y SUBTROPICALES (INCLUYE EL CULTIVO DE PALTAS),763,Cooperativas Agrícolas,763
012200,CULTIVO DE FRUTAS TROPICALES Y SUBTROPICALES (INCLUYE EL CULTIVO DE PALTAS),780,"Servicios de horticultura, Servicios de paisajismo",780
012300,CULTIVO DE CÍTRICOS,763,Cooperativas Agrícolas,763
012300,CULTIVO DE CÍTRICOS,780,"Servicios de horticultura, Servicios de paisajismo",780
012400,CULTIVO DE FRUTAS DE PEPITA Y DE HUESO,763,Cooperativas Agrícolas,763
012400,CULTIVO DE FRUTAS DE PEPITA Y DE HUESO,780,"Servicios de horticultura, Servicios de paisajismo",780
012501,CULTIVO DE SEMILLAS DE FRUTAS,763,Cooperativas Agrícolas,763
012501,CULTIVO DE SEMILLAS DE FRUTAS,780,"Servicios de horticultura, Servicios de paisajismo",780
012501,CULTIVO DE SEMILLAS DE FRUTAS,5193,"Suministros para floristas, material para viveros y flores",5193
012502,CULTIVO DE OTROS FRUTOS Y NUECES DE ÁRBOLES Y ARBUSTOS,763,Cooperativas Agrícolas,763
012502,CULTIVO DE OTROS FRUTOS Y NUECES DE ÁRBOLES Y ARBUSTOS,780,"Servicios de horticultura, Servicios de paisajismo",780
012600,CULTIVO DE FRUTOS OLEAGINOSOS (INCLUYE EL CULTIVO DE ACEITUNAS),763,Cooperativas Agrícolas,763
012600,CULTIVO DE FRUTOS OLEAGINOSOS (INCLUYE EL CULTIVO DE ACEITUNAS),780,"Servicios de horticultura, Servicios de paisajismo",780
012700,"CULTIVO DE PLANTAS CON LAS QUE SE PREPARAN BEBIDAS (INCLUYE EL CULTIVO DE CAFÉ, TÉ Y MATE)",763,Cooperativas Agrícolas,763
012700,"CULTIVO DE PLANTAS CON LAS QUE SE PREPARAN BEBIDAS (INCLUYE EL CULTIVO DE CAFÉ, TÉ Y MATE)",780,"Servicios de horticultura, Servicios de paisajismo",780
012801,CULTIVO DE ESPECIAS,763,Cooperativas Agrícolas,763
012801,CULTIVO DE ESPECIAS,780,"Servicios de horticultura, Servicios de paisajismo",780
012801,CULTIVO DE ESPECIAS,5261,Viveros - Tienda de suministros para césped y jardín,5261
012802,"CULTIVO DE PLANTAS AROMÁTICAS, MEDICINALES Y FARMACÉUTICAS",763,Cooperativas Agrícolas,763
012802,"CULTIVO DE PLANTAS AROMÁTICAS, MEDICINALES Y FARMACÉUTICAS",780,"Servicios de horticultura, Servicios de paisajismo",780
012802,"CULTIVO DE PLANTAS AROMÁTICAS, MEDICINALES Y FARMACÉUTICAS",5261,Viveros - Tienda de suministros para césped y jardín,5261
012900,CULTIVO DE OTRAS PLANTAS PERENNES,763,Cooperativas Agrícolas,763
012900,CULTIVO DE OTRAS PLANTAS PERENNES,780,"Servicios de horticultura, Servicios de paisajismo",780
012900,CULTIVO DE OTRAS PLANTAS PERENNES,5261,Viveros - Tienda de suministros para césped y jardín,5261
013000,CULTIVO DE PLANTAS VIVAS INCLUIDA LA PRODUCCIÓN EN VIVEROS (EXCEPTO VIVEROS FORESTALES),763,Cooperativas Agrícolas,763
013000,CULTIVO DE PLANTAS VIVAS INCLUIDA LA PRODUCCIÓN EN VIVEROS (EXCEPTO VIVEROS FORESTALES),780,"Servicios de horticultura, Servicios de paisajismo",780
013000,CULTIVO DE PLANTAS VIVAS INCLUIDA LA PRODUCCIÓN EN VIVEROS (EXCEPTO VIVEROS FORESTALES),5261,Viveros - Tienda de suministros para césped y jardín,5261
014101,CRÍA DE GANADO BOVINO PARA LA PRODUCCIÓN LECHERA,763,Cooperativas Agrícolas,763
014101,CRÍA DE GANADO BOVINO PARA LA PRODUCCIÓN LECHERA,5399,Varios. Mercancía General,5399
014102,CRÍA DE GANADO BOVINO PARA LA PRODUCCIÓN DE CARNE O COMO GANADO REPRODUCTOR,763,Cooperativas Agrícolas,763
014200,CRÍA DE CABALLOS Y OTROS EQUINOS,763,Cooperativas Agrícolas,763
014300,"CRÍA DE LLAMAS, ALPACAS, VICUÑAS, GUANACOS Y OTROS CAMÉLIDOS",763,Cooperativas Agrícolas,763
014410,CRÍA DE OVEJAS (OVINOS),763,Cooperativas Agrícolas,763
014420,CRÍA DE CABRAS (CAPRINOS),763,Cooperativas Agrícolas,763
014500,CRÍA DE CERDOS,763,Cooperativas Agrícolas,763
014601,CRÍA DE AVES DE CORRAL PARA LA PRODUCCIÓN DE CARNE,763,Cooperativas Agrícolas,763
014602,CRÍA DE AVES DE CORRAL PARA LA PRODUCCIÓN DE HUEVOS,763,Cooperativas Agrícolas,763
014901,APICULTURA,763,Cooperativas Agrícolas,763
014909,CRÍA DE OTROS ANIMALES N.C.P.,763,Cooperativas Agrícolas,763
015000,CULTIVO DE PRODUCTOS AGRÍCOLAS EN COMBINACIÓN CON LA CRÍA DE ANIMALES (EXPLOTACIÓN MIXTA),763,Cooperativas Agrícolas,763
015000,CULTIVO DE PRODUCTOS AGRÍCOLAS EN COMBINACIÓN CON LA CRÍA DE ANIMALES (EXPLOTACIÓN MIXTA),780,"Servicios de horticultura, Servicios de paisajismo",780
016100,ACTIVIDADES DE APOYO A LA AGRICULTURA,763,Cooperativas Agrícolas,763
016100,ACTIVIDADES DE APOYO A LA AGRICULTURA,780,"Servicios de horticultura, Servicios de paisajismo",780
016100,ACTIVIDADES DE APOYO A LA AGRICULTURA,5193,"Suministros para floristas, material para viveros y flores",5193
016100,ACTIVIDADES DE APOYO A LA AGRICULTURA,5261,Viveros - Tienda de suministros para césped y jardín,5261
016200,ACTIVIDADES DE APOYO A LA GANADERÍA,763,Cooperativas Agrícolas,763
016300,ACTIVIDADES POSCOSECHA,763,Cooperativas Agrícolas,763
016300,ACTIVIDADES POSCOSECHA,780,"Servicios de horticultura, Servicios de paisajismo",780
016300,ACTIVIDADES POSCOSECHA,5193,"Suministros para floristas, material para viveros y flores",5193
016300,ACTIVIDADES POSCOSECHA,5261,Viveros - Tienda de suministros para césped y jardín,5261
016400,TRATAMIENTO DE SEMILLAS PARA PROPAGACIÓN,763,Cooperativas Agrícolas,763
016400,TRATAMIENTO DE SEMILLAS PARA PROPAGACIÓN,780,"Servicios de horticultura, Servicios de paisajismo",780
017000,CAZA ORDINARIA Y MEDIANTE TRAMPAS Y ACTIVIDADES DE SERVICIOS CONEXAS,763,Cooperativas Agrícolas,763
021001,EXPLOTACIÓN DE VIVEROS FORESTALES,763,Cooperativas Agrícolas,763
021001,EXPLOTACIÓN DE VIVEROS FORESTALES,5261,Viveros - Tienda de suministros para césped y jardín,5261
021002,SILVICULTURA Y OTRAS ACTIVIDADES FORESTALES (EXCEPTO EXPLOTACIÓN DE VIVEROS FORESTALES),763,Cooperativas Agrícolas,763
021002,SILVICULTURA Y OTRAS ACTIVIDADES FORESTALES (EXCEPTO EXPLOTACIÓN DE VIVEROS FORESTALES),780,"Servicios de horticultura, Servicios de paisajismo",780
022000,EXTRACCIÓN DE MADERA,763,Cooperativas Agrícolas,763
023000,RECOLECCIÓN DE PRODUCTOS FORESTALES DISTINTOS DE LA MADERA,763,Cooperativas Agrícolas,763
024001,SERVICIOS DE FORESTACIÓN A CAMBIO DE UNA RETRIBUCIÓN O POR CONTRATA,763,Cooperativas Agrícolas,763
024001,SERVICIOS DE FORESTACIÓN A CAMBIO DE UNA RETRIBUCIÓN O POR CONTRATA,1799,"Contratistas: comercio especial, no clasificados en otra parte",1799
024002,SERVICIOS DE CORTA DE MADERA A CAMBIO DE UNA RETRIBUCIÓN O POR CONTRATA,763,Cooperativas Agrícolas,763
024002,SERVICIOS DE CORTA DE MADERA A CAMBIO DE UNA RETRIBUCIÓN O POR CONTRATA,1799,"Contratistas: comercio especial, no clasificados en otra parte",1799
024003,SERVICIOS DE EXTINCIÓN Y PREVENCIÓN DE INCENDIOS FORESTALES,8999,Servicios profesionales (no definidos en otra parte),8999
024009,OTROS SERVICIOS DE APOYO A LA SILVICULTURA N.C.P.,763,Cooperativas Agrícolas,763
024009,OTROS SERVICIOS DE APOYO A LA SILVICULTURA N.C.P.,780,"Servicios de horticultura, Servicios de paisajismo",780
031110,"PESCA MARÍTIMA INDUSTRIAL, EXCEPTO DE BARCOS FACTORÍA",763,Cooperativas Agrícolas,763
031120,PESCA MARÍTIMA ARTESANAL,763,Cooperativas Agrícolas,763
031130,RECOLECCIÓN Y EXTRACCIÓN DE PRODUCTOS MARINOS,763,Cooperativas Agrícolas,763
031140,SERVICIOS RELACIONADOS CON LA PESCA MARÍTIMA,763,Cooperativas Agrícolas,763
031200,PESCA DE AGUA DULCE,763,Cooperativas Agrícolas,763
032110,CULTIVO Y CRIANZA DE PECES MARINOS,763,Cooperativas Agrícolas,763
032120,"CULTIVO, REPRODUCCIÓN Y MANEJO DE ALGAS MARINAS",763,Cooperativas Agrícolas,763
032130,"REPRODUCCIÓN Y CRÍA DE MOLUSCOS, CRUSTÁCEOS Y GUSANOS MARINOS",763,Cooperativas Agrícolas,763
032140,SERVICIOS RELACIONADOS CON LA ACUICULTURA MARINA,763,Cooperativas Agrícolas,763
032200,ACUICULTURA DE AGUA DULCE,763,Cooperativas Agrícolas,763
040000,EXTRACCIÓN Y PROCESAMIENTO DE COBRE,5051,Centros y Oficinas de Servicio de Metales,5051
040000,EXTRACCIÓN Y PROCESAMIENTO DE COBRE,5085,"Suministros industriales, no clasificados en otra parte",5085
051000,EXTRACCIÓN DE CARBÓN DE PIEDRA,5051,Centros y Oficinas de Servicio de Metales,5051
051000,EXTRACCIÓN DE CARBÓN DE PIEDRA,5085,"Suministros industriales, no clasificados en otra parte",5085
052000,EXTRACCIÓN DE LIGNITO,5051,Centros y Oficinas de Servicio de Metales,5051
052000,EXTRACCIÓN DE LIGNITO,5085,"Suministros industriales, no clasificados en otra parte",5085
061000,EXTRACCIÓN DE PETRÓLEO CRUDO,5051,Centros y Oficinas de Servicio de Metales,5051
061000,EXTRACCIÓN DE PETRÓLEO CRUDO,5085,"Suministros industriales, no clasificados en otra parte",5085
062000,EXTRACCIÓN DE GAS NATURAL,5051,Centros y Oficinas de Servicio de Metales,5051
062000,EXTRACCIÓN DE GAS NATURAL,5085,"Suministros industriales, no clasificados en otra parte",5085
071000,EXTRACCIÓN DE MINERALES DE HIERRO,5051,Centros y Oficinas de Servicio de Metales,5051
071000,EXTRACCIÓN DE MINERALES DE HIERRO,5085,"Suministros industriales, no clasificados en otra parte",5085
072100,EXTRACCIÓN DE MINERALES DE URANIO Y TORIO,5051,Centros y Oficinas de Servicio de Metales,5051
072100,EXTRACCIÓN DE MINERALES DE URANIO Y TORIO,5085,"Suministros industriales, no clasificados en otra parte",5085
072910,EXTRACCIÓN DE ORO Y PLATA,5051,Centros y Oficinas de Servicio de Metales,5051
072910,EXTRACCIÓN DE ORO Y PLATA,5085,"Suministros industriales, no clasificados en otra parte",5085
072991,EXTRACCIÓN DE ZINC Y PLOMO,5051,Centros y Oficinas de Servicio de Metales,5051
072991,EXTRACCIÓN DE ZINC Y PLOMO,5085,"Suministros industriales, no clasificados en otra parte",5085
072992,EXTRACCIÓN DE MANGANESO,5051,Centros y Oficinas de Servicio de Metales,5051
072992,EXTRACCIÓN DE MANGANESO,5085,"Suministros industriales, no clasificados en otra parte",5085
072999,"EXTRACCIÓN DE OTROS MINERALES METALÍFEROS NO FERROSOS N.C.P. (EXCEPTO ZINC, PLOMO Y MANGANESO)",5051,Centros y Oficinas de Servicio de Metales,5051
072999,"EXTRACCIÓN DE OTROS MINERALES METALÍFEROS NO FERROSOS N.C.P. (EXCEPTO ZINC, PLOMO Y MANGANESO)",5085,"Suministros industriales, no clasificados en otra parte",5085
081000,"EXTRACCIÓN DE PIEDRA, ARENA Y ARCILLA",5051,Centros y Oficinas de Servicio de Metales,5051
081000,"EXTRACCIÓN DE PIEDRA, ARENA Y ARCILLA",5085,"Suministros industriales, no clasificados en otra parte",5085
089110,EXTRACCIÓN Y PROCESAMIENTO DE LITIO,5051,Centros y Oficinas de Servicio de Metales,5051
089110,EXTRACCIÓN Y PROCESAMIENTO DE LITIO,5085,"Suministros industriales, no clasificados en otra parte",5085
089190,EXTRACCIÓN DE MINERALES PARA LA FABRICACIÓN DE ABONOS Y PRODUCTOS QUÍMICOS N.C.P.,5051,Centros y Oficinas de Servicio de Metales,5051
089190,EXTRACCIÓN DE MINERALES PARA LA FABRICACIÓN DE ABONOS Y PRODUCTOS QUÍMICOS N.C.P.,5085,"Suministros industriales, no clasificados en otra parte",5085
089200,EXTRACCIÓN DE TURBA,5051,Centros y Oficinas de Servicio de Metales,5051
089200,EXTRACCIÓN DE TURBA,5085,"Suministros industriales, no clasificados en otra parte",5085
089300,EXTRACCIÓN DE SAL,5051,Centros y Oficinas de Servicio de Metales,5051
089300,EXTRACCIÓN DE SAL,5085,"Suministros industriales, no clasificados en otra parte",5085
089900,EXPLOTACIÓN DE OTRAS MINAS Y CANTERAS N.C.P.,5051,Centros y Oficinas de Servicio de Metales,5051
089900,EXPLOTACIÓN DE OTRAS MINAS Y CANTERAS N.C.P.,5085,"Suministros industriales, no clasificados en otra parte",5085
091001,ACTIVIDADES DE APOYO PARA LA EXTRACCIÓN DE PETRÓLEO Y GAS NATURAL PRESTADOS POR EMPRESAS,5172,Petróleo y productos derivados del petróleo,5172
091001,ACTIVIDADES DE APOYO PARA LA EXTRACCIÓN DE PETRÓLEO Y GAS NATURAL PRESTADOS POR EMPRESAS,5983,"Combustible: fueloil, madera, carbón, petróleo licuado",5983
091002,ACTIVIDADES DE APOYO PARA LA EXTRACCIÓN DE PETRÓLEO Y GAS NATURAL PRESTADOS POR PROFESIONALES,5172,Petróleo y productos derivados del petróleo,5172
091002,ACTIVIDADES DE APOYO PARA LA EXTRACCIÓN DE PETRÓLEO Y GAS NATURAL PRESTADOS POR PROFESIONALES,5983,"Combustible: fueloil, madera, carbón, petróleo licuado",5983
091002,ACTIVIDADES DE APOYO PARA LA EXTRACCIÓN DE PETRÓLEO Y GAS NATURAL PRESTADOS POR PROFESIONALES,8999,Servicios profesionales (no definidos en otra parte),8999
099001,ACTIVIDADES DE APOYO PARA LA EXPLOTACIÓN DE OTRAS MINAS Y CANTERAS PRESTADOS POR EMPRESAS,5051,Centros y Oficinas de Servicio de Metales,5051
099001,ACTIVIDADES DE APOYO PARA LA EXPLOTACIÓN DE OTRAS MINAS Y CANTERAS PRESTADOS POR EMPRESAS,5085,"Suministros industriales, no clasificados en otra parte",5085
099002,ACTIVIDADES DE APOYO PARA LA EXPLOTACIÓN DE OTRAS MINAS Y CANTERAS PRESTADOS POR PROFESIONALES,5051,Centros y Oficinas de Servicio de Metales,5051
099002,ACTIVIDADES DE APOYO PARA LA EXPLOTACIÓN DE OTRAS MINAS Y CANTERAS PRESTADOS POR PROFESIONALES,5085,"Suministros industriales, no clasificados en otra parte",5085
101011,"EXPLOTACIÓN DE MATADEROS DE BOVINOS, OVINOS, EQUINOS, CAPRINOS, PORCINOS Y CAMÉLIDOS",763,Cooperativas Agrícolas,763
101019,EXPLOTACIÓN DE MATADEROS DE AVES Y DE OTROS TIPOS DE ANIMALES N.C.P.,763,Cooperativas Agrícolas,763
101020,ELABORACIÓN Y CONSERVACIÓN DE CARNE Y PRODUCTOS CÁRNICOS,5422,Proveedores de carne – Congelador y casillero,5422
102010,PRODUCCIÓN DE HARINA DE PESCADO,763,Cooperativas Agrícolas,763
102020,ELABORACIÓN Y CONSERVACIÓN DE SALMÓNIDOS,5499,Varios. Tiendas de alimentos: tiendas de conveniencia y mercados especializados,5499
102030,"ELABORACIÓN Y CONSERVACIÓN DE OTROS PESCADOS, EN PLANTAS EN TIERRA (EXCEPTO BARCOS FACTORÍA)",5499,Varios. Tiendas de alimentos: tiendas de conveniencia y mercados especializados,5499
102040,"ELABORACIÓN Y CONSERVACIÓN DE CRUSTÁCEOS, MOLUSCOS Y OTROS PRODUCTOS ACUÁTICOS, EN PLANTAS EN TIERRA",5499,Varios. Tiendas de alimentos: tiendas de conveniencia y mercados especializados,5499
102050,"ACTIVIDADES DE ELABORACIÓN Y CONSERVACIÓN DE PESCADO, REALIZADAS EN BARCOS FACTORÍA",5499,Varios. Tiendas de alimentos: tiendas de conveniencia y mercados especializados,5499
102060,ELABORACIÓN Y PROCESAMIENTO DE ALGAS,5499,Varios. Tiendas de alimentos: tiendas de conveniencia y mercados especializados,5499
103000,"ELABORACIÓN Y CONSERVACIÓN DE FRUTAS, LEGUMBRES Y HORTALIZAS",763,Cooperativas Agrícolas,763
103000,"ELABORACIÓN Y CONSERVACIÓN DE FRUTAS, LEGUMBRES Y HORTALIZAS",780,"Servicios de horticultura, Servicios de paisajismo",780
104000,ELABORACIÓN DE ACEITES Y GRASAS DE ORIGEN VEGETAL Y ANIMAL (EXCEPTO ELABORACIÓN DE MANTEQUILLA),763,Cooperativas Agrícolas,763
104000,ELABORACIÓN DE ACEITES Y GRASAS DE ORIGEN VEGETAL Y ANIMAL (EXCEPTO ELABORACIÓN DE MANTEQUILLA),780,"Servicios de horticultura, Servicios de paisajismo",780
105000,ELABORACIÓN DE PRODUCTOS LÁCTEOS,5451,Tiendas de productos lácteos,5451
106101,"MOLIENDA DE TRIGO: PRODUCCIÓN DE HARINA, SÉMOLA Y GRÁNULOS",5499,Varios. Tiendas de alimentos: tiendas de conveniencia y mercados especializados,5499
106101,"MOLIENDA DE TRIGO: PRODUCCIÓN DE HARINA, SÉMOLA Y GRÁNULOS",5499,Varios. Tiendas de alimentos: tiendas de conveniencia y mercados especializados,5499
106102,MOLIENDA DE ARROZ; PRODUCCIÓN DE HARINA DE ARROZ,5499,Varios. Tiendas de alimentos: tiendas de conveniencia y mercados especializados,5499
106109,ELABORACIÓN DE OTROS PRODUCTOS DE MOLINERÍA N.C.P.,5499,Varios. Tiendas de alimentos: tiendas de conveniencia y mercados especializados,5499
106200,ELABORACIÓN DE ALMIDONES Y PRODUCTOS DERIVADOS DEL ALMIDÓN,5499,Varios. Tiendas de alimentos: tiendas de conveniencia y mercados especializados,5499
107100,ELABORACIÓN DE PRODUCTOS DE PANADERÍA Y PASTELERÍA,5462,Panaderías,5462
107200,ELABORACIÓN DE AZÚCAR,5499,Varios. Tiendas de alimentos: tiendas de conveniencia y mercados especializados,5499
107300,"ELABORACIÓN DE CACAO, CHOCOLATE Y DE PRODUCTOS DE CONFITERÍA",5441,"Tiendas de dulces, nueces y confitería",5441
107400,"ELABORACIÓN DE MACARRONES, FIDEOS, ALCUZCUZ Y PRODUCTOS FARINÁCEOS SIMILARES",5499,Varios. Tiendas de alimentos: tiendas de conveniencia y mercados especializados,5499
107500,"ELABORACIÓN DE COMIDAS Y PLATOS PREPARADOS ENVASADOS, ROTULADOS Y CON INFORMACIÓN NUTRICIONAL",5499,Varios. Tiendas de alimentos: tiendas de conveniencia y mercados especializados,5499
107901,"ELABORACIÓN DE TÉ, CAFÉ, MATE E INFUSIONES DE HIERBAS",5499,Varios. Tiendas de alimentos: tiendas de conveniencia y mercados especializados,5499
107902,ELABORACIÓN DE LEVADURAS NATURALES O ARTIFICIALES,5499,Varios. Tiendas de alimentos: tiendas de conveniencia y mercados especializados,5499
107903,"ELABORACIÓN DE VINAGRES, MOSTAZAS, MAYONESAS Y CONDIMENTOS EN GENERAL",5499,Varios. Tiendas de alimentos: tiendas de conveniencia y mercados especializados,5499
107909,ELABORACIÓN DE OTROS PRODUCTOS ALIMENTICIOS N.C.P.,5499,Varios. Tiendas de alimentos: tiendas de conveniencia y mercados especializados,5499
108000,ELABORACIÓN DE PIENSOS PREPARADOS PARA ANIMALES,5499,Varios. Tiendas de alimentos: tiendas de conveniencia y mercados especializados,5499
110110,ELABORACIÓN DE PISCO (INDUSTRIAS PISQUERAS),5921,"Tiendas de paquetes: cerveza, vino y licores",5921
110120,"DESTILACIÓN, RECTIFICACIÓN Y MEZCLAS DE BEBIDAS ALCOHÓLICAS; EXCEPTO PISCO",5921,"Tiendas de paquetes: cerveza, vino y licores",5921
110200,ELABORACIÓN DE VINOS,5921,"Tiendas de paquetes: cerveza, vino y licores",5921
110300,ELABORACIÓN DE BEBIDAS MALTEADAS Y DE MALTA,5921,"Tiendas de paquetes: cerveza, vino y licores",5921
110401,ELABORACIÓN DE BEBIDAS NO ALCOHÓLICAS,7399,"Servicios comerciales, no clasificados en otra parte",7399
110402,PRODUCCIÓN DE AGUAS MINERALES Y OTRAS AGUAS EMBOTELLADAS,7399,"Servicios comerciales, no clasificados en otra parte",7399
120001,ELABORACIÓN DE CIGARROS Y CIGARRILLOS,5993,Estancos y puestos de tabaco,5993
120009,ELABORACIÓN DE OTROS PRODUCTOS DE TABACO N.C.P.,5993,Estancos y puestos de tabaco,5993
131100,PREPARACIÓN E HILATURA DE FIBRAS TEXTILES,5949,"Tiendas de artículos de costura, agujas, telas y precios",5949
131200,TEJEDURA DE PRODUCTOS TEXTILES,5949,"Tiendas de artículos de costura, agujas, telas y precios",5949
131300,ACABADO DE PRODUCTOS TEXTILES,5949,"Tiendas de artículos de costura, agujas, telas y precios",5949
139100,FABRICACIÓN DE TEJIDOS DE PUNTO Y GANCHILLO,5949,"Tiendas de artículos de costura, agujas, telas y precios",5949
139200,"FABRICACIÓN DE ARTÍCULOS CONFECCIONADOS DE MATERIALES TEXTILES, EXCEPTO PRENDAS DE VESTIR",5085,"Suministros industriales, no clasificados en otra parte",5085
139200,"FABRICACIÓN DE ARTÍCULOS CONFECCIONADOS DE MATERIALES TEXTILES, EXCEPTO PRENDAS DE VESTIR",5999,Tiendas minoristas diversas y especializadas,5999
139200,"FABRICACIÓN DE ARTÍCULOS CONFECCIONADOS DE MATERIALES TEXTILES, EXCEPTO PRENDAS DE VESTIR",7399,"Servicios comerciales, no clasificados en otra parte",7399
139300,FABRICACIÓN DE TAPICES Y ALFOMBRAS,7399,"Servicios comerciales, no clasificados en otra parte",7399
139400,"FABRICACIÓN DE CUERDAS, CORDELES, BRAMANTES Y REDES",5085,"Suministros industriales, no clasificados en otra parte",5085
139400,"FABRICACIÓN DE CUERDAS, CORDELES, BRAMANTES Y REDES",7399,"Servicios comerciales, no clasificados en otra parte",7399
139900,FABRICACIÓN DE OTROS PRODUCTOS TEXTILES N.C.P.,5085,"Suministros industriales, no clasificados en otra parte",5085
139900,FABRICACIÓN DE OTROS PRODUCTOS TEXTILES N.C.P.,5699,Tiendas de ropa y accesorios varios,5699
139900,FABRICACIÓN DE OTROS PRODUCTOS TEXTILES N.C.P.,5999,Tiendas minoristas diversas y especializadas,5999
139900,FABRICACIÓN DE OTROS PRODUCTOS TEXTILES N.C.P.,7399,"Servicios comerciales, no clasificados en otra parte",7399
141001,FABRICACIÓN DE PRENDAS DE VESTIR DE MATERIALES TEXTILES Y SIMILARES,5137,"Uniformes y ropa comercial para hombres, mujeres y niños.",5137
141001,FABRICACIÓN DE PRENDAS DE VESTIR DE MATERIALES TEXTILES Y SIMILARES,5611,Tiendas de ropa y complementos para hombre y niño,5611
141001,FABRICACIÓN DE PRENDAS DE VESTIR DE MATERIALES TEXTILES Y SIMILARES,5641,Tiendas de ropa para niños y bebés,5641
141001,FABRICACIÓN DE PRENDAS DE VESTIR DE MATERIALES TEXTILES Y SIMILARES,5651,Tiendas de ropa familiar,5651
141001,FABRICACIÓN DE PRENDAS DE VESTIR DE MATERIALES TEXTILES Y SIMILARES,5655,"Ropa deportiva, Tiendas de ropa para montar",5655
141001,FABRICACIÓN DE PRENDAS DE VESTIR DE MATERIALES TEXTILES Y SIMILARES,5691,Tiendas de ropa para hombres y mujeres,5691
141001,FABRICACIÓN DE PRENDAS DE VESTIR DE MATERIALES TEXTILES Y SIMILARES,5699,Tiendas de ropa y accesorios varios,5699
141002,FABRICACIÓN DE PRENDAS DE VESTIR DE CUERO NATURAL O ARTIFICIAL,5137,"Uniformes y ropa comercial para hombres, mujeres y niños.",5137
141002,FABRICACIÓN DE PRENDAS DE VESTIR DE CUERO NATURAL O ARTIFICIAL,5611,Tiendas de ropa y complementos para hombre y niño,5611
141002,FABRICACIÓN DE PRENDAS DE VESTIR DE CUERO NATURAL O ARTIFICIAL,5641,Tiendas de ropa para niños y bebés,5641
141002,FABRICACIÓN DE PRENDAS DE VESTIR DE CUERO NATURAL O ARTIFICIAL,5651,Tiendas de ropa familiar,5651
141002,FABRICACIÓN DE PRENDAS DE VESTIR DE CUERO NATURAL O ARTIFICIAL,5655,"Ropa deportiva, Tiendas de ropa para montar",5655
141002,FABRICACIÓN DE PRENDAS DE VESTIR DE CUERO NATURAL O ARTIFICIAL,5691,Tiendas de ropa para hombres y mujeres,5691
141002,FABRICACIÓN DE PRENDAS DE VESTIR DE CUERO NATURAL O ARTIFICIAL,5699,Tiendas de ropa y accesorios varios,5699
141003,FABRICACIÓN DE ACCESORIOS DE VESTIR,5631,Tiendas especializadas y de accesorios para mujer,5631
141003,FABRICACIÓN DE ACCESORIOS DE VESTIR,5699,Tiendas de ropa y accesorios varios,5699
141004,FABRICACIÓN DE ROPA DE TRABAJO,5137,"Uniformes y ropa comercial para hombres, mujeres y niños.",5137
141004,FABRICACIÓN DE ROPA DE TRABAJO,5691,Tiendas de ropa para hombres y mujeres,5691
142000,FABRICACIÓN DE ARTÍCULOS DE PIEL,5699,Tiendas de ropa y accesorios varios,5699
142000,FABRICACIÓN DE ARTÍCULOS DE PIEL,5999,Tiendas minoristas diversas y especializadas,5999
142000,FABRICACIÓN DE ARTÍCULOS DE PIEL,7399,"Servicios comerciales, no clasificados en otra parte",7399
143000,FABRICACIÓN DE ARTÍCULOS DE PUNTO Y GANCHILLO,5631,Tiendas especializadas y de accesorios para mujer,5631
143000,FABRICACIÓN DE ARTÍCULOS DE PUNTO Y GANCHILLO,5699,Tiendas de ropa y accesorios varios,5699
143000,FABRICACIÓN DE ARTÍCULOS DE PUNTO Y GANCHILLO,5949,"Tiendas de artículos de costura, agujas, telas y precios",5949
151100,CURTIDO Y ADOBO DE CUEROS; ADOBO Y TEÑIDO DE PIELES,5699,Tiendas de ropa y accesorios varios,5699
151100,CURTIDO Y ADOBO DE CUEROS; ADOBO Y TEÑIDO DE PIELES,5999,Tiendas minoristas diversas y especializadas,5999
151100,CURTIDO Y ADOBO DE CUEROS; ADOBO Y TEÑIDO DE PIELES,7399,"Servicios comerciales, no clasificados en otra parte",7399
151200,"FABRICACIÓN DE MALETAS, BOLSOS Y ARTÍCULOS SIMILARES, ARTÍCULOS DE TALABARTERÍA Y GUARNICIONERÍA",5199,"Bienes no duraderos, no clasificados en otra parte",5199
152000,FABRICACIÓN DE CALZADO,5139,Calzado Comercial,5139
152000,FABRICACIÓN DE CALZADO,7251,"Tiendas, talleres de reparación, lustrados de calzado y talleres de limpieza de sombreros.",7251
161000,ASERRADO Y ACEPILLADURA DE MADERA,5211,Tiendas de madera y materiales de construcción,5211
162100,FABRICACIÓN DE HOJAS DE MADERA PARA ENCHAPADO Y TABLEROS A BASE DE MADERA,5211,Tiendas de madera y materiales de construcción,5211
162200,FABRICACIÓN DE PARTES Y PIEZAS DE CARPINTERÍA PARA EDIFICIOS Y CONSTRUCCIONES,5039,"Materiales de construcción, no clasificados en otra parte",5039
162200,FABRICACIÓN DE PARTES Y PIEZAS DE CARPINTERÍA PARA EDIFICIOS Y CONSTRUCCIONES,5211,Tiendas de madera y materiales de construcción,5211
162300,FABRICACIÓN DE RECIPIENTES DE MADERA,5211,Tiendas de madera y materiales de construcción,5211
162900,"FABRICACIÓN DE OTROS PRODUCTOS DE MADERA, DE ARTÍCULOS DE CORCHO, PAJA Y MATERIALES TRENZABLES",5211,Tiendas de madera y materiales de construcción,5211
170110,FABRICACIÓN DE CELULOSA Y OTRAS PASTAS DE MADERA,5085,"Suministros industriales, no clasificados en otra parte",5085
170110,FABRICACIÓN DE CELULOSA Y OTRAS PASTAS DE MADERA,5983,"Combustible: fueloil, madera, carbón, petróleo licuado",5983
170190,FABRICACIÓN DE PAPEL Y CARTÓN PARA SU POSTERIOR USO INDUSTRIAL N.C.P.,5085,"Suministros industriales, no clasificados en otra parte",5085
170200,FABRICACIÓN DE PAPEL Y CARTÓN ONDULADO Y DE ENVASES DE PAPEL Y CARTÓN,5111,"Papelería, Material de oficina, Papel de impresión y para escribir",5111
170900,FABRICACIÓN DE OTROS ARTÍCULOS DE PAPEL Y CARTÓN,5111,"Papelería, Material de oficina, Papel de impresión y para escribir",5111
181101,IMPRESIÓN DE LIBROS,2741,Publicaciones e imprentas varias,2741
181101,IMPRESIÓN DE LIBROS,2741,Publicaciones e imprentas varias,2741
181101,IMPRESIÓN DE LIBROS,5192,"Libros, publicaciones periódicas y periódicos",5192
181101,IMPRESIÓN DE LIBROS,5942,Librerías,5942
181109,OTRAS ACTIVIDADES DE IMPRESIÓN N.C.P.,2741,Publicaciones e imprentas varias,2741
181200,ACTIVIDADES DE SERVICIOS RELACIONADAS CON LA IMPRESIÓN,2741,Publicaciones e imprentas varias,2741
181200,ACTIVIDADES DE SERVICIOS RELACIONADAS CON LA IMPRESIÓN,2741,Publicaciones e imprentas varias,2741
181200,ACTIVIDADES DE SERVICIOS RELACIONADAS CON LA IMPRESIÓN,7332,Servicios de planos y fotocopias.,7332
181200,ACTIVIDADES DE SERVICIOS RELACIONADAS CON LA IMPRESIÓN,7332,Servicios de planos y fotocopias.,7332
182000,REPRODUCCIÓN DE GRABACIONES,7338,"Servicios rápidos de copia, reproducción y planos",7338
182000,REPRODUCCIÓN DE GRABACIONES,7829,Producción y distribución de películas y cintas de vídeo,7829
191000,FABRICACIÓN DE PRODUCTOS DE HORNOS DE COQUE,5051,Centros y Oficinas de Servicio de Metales,5051
191000,FABRICACIÓN DE PRODUCTOS DE HORNOS DE COQUE,5169,"Productos químicos y productos afines, no clasificados en otra parte",5169
192000,FABRICACIÓN DE PRODUCTOS DE LA REFINACIÓN DEL PETRÓLEO,5172,Petróleo y productos derivados del petróleo,5172
192000,FABRICACIÓN DE PRODUCTOS DE LA REFINACIÓN DEL PETRÓLEO,5983,"Combustible: fueloil, madera, carbón, petróleo licuado",5983
201101,FABRICACIÓN DE CARBÓN VEGETAL (EXCEPTO ACTIVADO); FABRICACIÓN DE BRIQUETAS DE CARBÓN VEGETAL,5983,"Combustible: fueloil, madera, carbón, petróleo licuado",5983
201109,FABRICACIÓN DE OTRAS SUSTANCIAS QUÍMICAS BÁSICAS N.C.P.,5169,"Productos químicos y productos afines, no clasificados en otra parte",5169
201200,FABRICACIÓN DE ABONOS Y COMPUESTOS DE NITRÓGENO,5169,"Productos químicos y productos afines, no clasificados en otra parte",5169
201300,FABRICACIÓN DE PLÁSTICOS Y CAUCHO SINTÉTICO EN FORMAS PRIMARIAS,5085,"Suministros industriales, no clasificados en otra parte",5085
201300,FABRICACIÓN DE PLÁSTICOS Y CAUCHO SINTÉTICO EN FORMAS PRIMARIAS,5169,"Productos químicos y productos afines, no clasificados en otra parte",5169
202100,FABRICACIÓN DE PLAGUICIDAS Y OTROS PRODUCTOS QUÍMICOS DE USO AGROPECUARIO,5169,"Productos químicos y productos afines, no clasificados en otra parte",5169
202200,"FABRICACIÓN DE PINTURAS, BARNICES Y PRODUCTOS DE REVESTIMIENTO, TINTAS DE IMPRENTA Y MASILLAS",5198,"Pinturas, barnices y suministros",5198
202300,"FABRICACIÓN DE JABONES Y DETERGENTES, PREPARADOS PARA LIMPIAR, PERFUMES Y PREPARADOS DE TOCADOR",5169,"Productos químicos y productos afines, no clasificados en otra parte",5169
202901,FABRICACIÓN DE EXPLOSIVOS Y PRODUCTOS PIROTÉCNICOS,5169,"Productos químicos y productos afines, no clasificados en otra parte",5169
202909,FABRICACIÓN DE OTROS PRODUCTOS QUÍMICOS N.C.P.,5169,"Productos químicos y productos afines, no clasificados en otra parte",5169
203000,FABRICACIÓN DE FIBRAS ARTIFICIALES,5199,"Bienes no duraderos, no clasificados en otra parte",5199
210000,"FABRICACIÓN DE PRODUCTOS FARMACÉUTICOS, SUSTANCIAS QUÍMICAS MEDICINALES Y PRODUCTOS BOTÁNICOS",2912,Droguerías y Farmacias,2912
210000,"FABRICACIÓN DE PRODUCTOS FARMACÉUTICOS, SUSTANCIAS QUÍMICAS MEDICINALES Y PRODUCTOS BOTÁNICOS",5169,"Productos químicos y productos afines, no clasificados en otra parte",5169
221100,FABRICACIÓN DE CUBIERTAS Y CÁMARAS DE CAUCHO; RECAUCHUTADO Y RENOVACIÓN DE CUBIERTAS DE CAUCHO,5199,"Bienes no duraderos, no clasificados en otra parte",5199
221900,FABRICACIÓN DE OTROS PRODUCTOS DE CAUCHO,5199,"Bienes no duraderos, no clasificados en otra parte",5199
222000,FABRICACIÓN DE PRODUCTOS DE PLÁSTICO,5199,"Bienes no duraderos, no clasificados en otra parte",5199
231001,FABRICACIÓN DE VIDRIO PLANO,5231,"Tiendas de vidrio, pintura y papel tapiz",5231
231001,FABRICACIÓN DE VIDRIO PLANO,5950,Tiendas de cristalería/cristalería,5950
231002,FABRICACIÓN DE VIDRIO HUECO,5231,"Tiendas de vidrio, pintura y papel tapiz",5231
231002,FABRICACIÓN DE VIDRIO HUECO,5950,Tiendas de cristalería/cristalería,5950
231003,FABRICACIÓN DE FIBRAS DE VIDRIO,5231,"Tiendas de vidrio, pintura y papel tapiz",5231
231003,FABRICACIÓN DE FIBRAS DE VIDRIO,5950,Tiendas de cristalería/cristalería,5950
231009,FABRICACIÓN DE PRODUCTOS DE VIDRIO N.C.P.,5231,"Tiendas de vidrio, pintura y papel tapiz",5231
231009,FABRICACIÓN DE PRODUCTOS DE VIDRIO N.C.P.,5950,Tiendas de cristalería/cristalería,5950
239100,FABRICACIÓN DE PRODUCTOS REFRACTARIOS,5039,"Materiales de construcción, no clasificados en otra parte",5039
239200,FABRICACIÓN DE MATERIALES DE CONSTRUCCIÓN DE ARCILLA,5039,"Materiales de construcción, no clasificados en otra parte",5039
239300,FABRICACIÓN DE OTROS PRODUCTOS DE PORCELANA Y DE CERÁMICA,5199,"Bienes no duraderos, no clasificados en otra parte",5199
239400,"FABRICACIÓN DE CEMENTO, CAL Y YESO",5039,"Materiales de construcción, no clasificados en otra parte",5039
239500,"FABRICACIÓN DE ARTÍCULOS DE HORMIGÓN, CEMENTO Y YESO",5039,"Materiales de construcción, no clasificados en otra parte",5039
239600,"CORTE, TALLA Y ACABADO DE LA PIEDRA",5039,"Materiales de construcción, no clasificados en otra parte",5039
239900,FABRICACIÓN DE OTROS PRODUCTOS MINERALES NO METÁLICOS N.C.P.,5085,"Suministros industriales, no clasificados en otra parte",5085
241000,INDUSTRIAS BÁSICAS DE HIERRO Y ACERO,5051,Centros y Oficinas de Servicio de Metales,5051
242001,FABRICACIÓN DE PRODUCTOS PRIMARIOS DE COBRE,5051,Centros y Oficinas de Servicio de Metales,5051
242001,FABRICACIÓN DE PRODUCTOS PRIMARIOS DE COBRE,5085,"Suministros industriales, no clasificados en otra parte",5085
242001,FABRICACIÓN DE PRODUCTOS PRIMARIOS DE COBRE,5169,"Productos químicos y productos afines, no clasificados en otra parte",5169
242002,FABRICACIÓN DE PRODUCTOS PRIMARIOS DE ALUMINIO,5051,Centros y Oficinas de Servicio de Metales,5051
242002,FABRICACIÓN DE PRODUCTOS PRIMARIOS DE ALUMINIO,5085,"Suministros industriales, no clasificados en otra parte",5085
242002,FABRICACIÓN DE PRODUCTOS PRIMARIOS DE ALUMINIO,5169,"Productos químicos y productos afines, no clasificados en otra parte",5169
242009,FABRICACIÓN DE PRODUCTOS PRIMARIOS DE METALES PRECIOSOS Y DE OTROS METALES NO FERROSOS N.C.P.,5051,Centros y Oficinas de Servicio de Metales,5051
242009,FABRICACIÓN DE PRODUCTOS PRIMARIOS DE METALES PRECIOSOS Y DE OTROS METALES NO FERROSOS N.C.P.,5094,"Piedras y metales preciosos, relojes y joyas",5094
243100,FUNDICIÓN DE HIERRO Y ACERO,5051,Centros y Oficinas de Servicio de Metales,5051
243100,FUNDICIÓN DE HIERRO Y ACERO,5085,"Suministros industriales, no clasificados en otra parte",5085
243200,FUNDICIÓN DE METALES NO FERROSOS,5051,Centros y Oficinas de Servicio de Metales,5051
243200,FUNDICIÓN DE METALES NO FERROSOS,5085,"Suministros industriales, no clasificados en otra parte",5085
251100,FABRICACIÓN DE PRODUCTOS METÁLICOS PARA USO ESTRUCTURAL,5039,"Materiales de construcción, no clasificados en otra parte",5039
251100,FABRICACIÓN DE PRODUCTOS METÁLICOS PARA USO ESTRUCTURAL,5051,Centros y Oficinas de Servicio de Metales,5051
251100,FABRICACIÓN DE PRODUCTOS METÁLICOS PARA USO ESTRUCTURAL,5085,"Suministros industriales, no clasificados en otra parte",5085
251201,FABRICACIÓN DE RECIPIENTES DE METAL PARA GASES COMPRIMIDOS O LICUADOS,5051,Centros y Oficinas de Servicio de Metales,5051
251201,FABRICACIÓN DE RECIPIENTES DE METAL PARA GASES COMPRIMIDOS O LICUADOS,5085,"Suministros industriales, no clasificados en otra parte",5085
251201,FABRICACIÓN DE RECIPIENTES DE METAL PARA GASES COMPRIMIDOS O LICUADOS,5169,"Productos químicos y productos afines, no clasificados en otra parte",5169
251209,"FABRICACIÓN DE TANQUES, DEPÓSITOS Y RECIPIENTES DE METAL N.C.P.",5051,Centros y Oficinas de Servicio de Metales,5051
251209,"FABRICACIÓN DE TANQUES, DEPÓSITOS Y RECIPIENTES DE METAL N.C.P.",5085,"Suministros industriales, no clasificados en otra parte",5085
251209,"FABRICACIÓN DE TANQUES, DEPÓSITOS Y RECIPIENTES DE METAL N.C.P.",5169,"Productos químicos y productos afines, no clasificados en otra parte",5169
251300,"FABRICACIÓN DE GENERADORES DE VAPOR, EXCEPTO CALDERAS DE AGUA CALIENTE PARA CALEFACCIÓN CENTRAL",5046,"Equipo comercial, no clasificado en otra parte",5046
252000,FABRICACIÓN DE ARMAS Y MUNICIONES,5999,Tiendas minoristas diversas y especializadas,5999
252000,FABRICACIÓN DE ARMAS Y MUNICIONES,7399,"Servicios comerciales, no clasificados en otra parte",7399
259100,"FORJA, PRENSADO, ESTAMPADO Y LAMINADO DE METALES; PULVIMETALURGIA",5051,Centros y Oficinas de Servicio de Metales,5051
259100,"FORJA, PRENSADO, ESTAMPADO Y LAMINADO DE METALES; PULVIMETALURGIA",5085,"Suministros industriales, no clasificados en otra parte",5085
259100,"FORJA, PRENSADO, ESTAMPADO Y LAMINADO DE METALES; PULVIMETALURGIA",5169,"Productos químicos y productos afines, no clasificados en otra parte",5169
259200,TRATAMIENTO Y REVESTIMIENTO DE METALES; MAQUINADO,5051,Centros y Oficinas de Servicio de Metales,5051
259200,TRATAMIENTO Y REVESTIMIENTO DE METALES; MAQUINADO,5085,"Suministros industriales, no clasificados en otra parte",5085
259300,"FABRICACIÓN DE ARTÍCULOS DE CUCHILLERÍA, HERRAMIENTAS DE MANO Y ARTÍCULOS DE FERRETERÍA",5051,Centros y Oficinas de Servicio de Metales,5051
259300,"FABRICACIÓN DE ARTÍCULOS DE CUCHILLERÍA, HERRAMIENTAS DE MANO Y ARTÍCULOS DE FERRETERÍA",5251,Ferreterías,5251
259900,FABRICACIÓN DE OTROS PRODUCTOS ELABORADOS DE METAL N.C.P.,5051,Centros y Oficinas de Servicio de Metales,5051
259900,FABRICACIÓN DE OTROS PRODUCTOS ELABORADOS DE METAL N.C.P.,5085,"Suministros industriales, no clasificados en otra parte",5085
261000,FABRICACIÓN DE COMPONENTES Y TABLEROS ELECTRÓNICOS,5065,Piezas y equipos eléctricos,5065
261000,FABRICACIÓN DE COMPONENTES Y TABLEROS ELECTRÓNICOS,5072,Equipos y suministros de hardware,5072
262000,FABRICACIÓN DE COMPUTADORES Y EQUIPO PERIFÉRICO,5045,"Computadoras, Equipos Periféricos De Computadora, Software",5045
262000,FABRICACIÓN DE COMPUTADORES Y EQUIPO PERIFÉRICO,5072,Equipos y suministros de hardware,5072
263000,FABRICACIÓN DE EQUIPO DE COMUNICACIONES,4812,"Equipos de telecomunicaciones, incluida la venta de teléfonos.",4812
264000,FABRICACIÓN DE APARATOS ELECTRÓNICOS DE CONSUMO,5065,Piezas y equipos eléctricos,5065
264000,FABRICACIÓN DE APARATOS ELECTRÓNICOS DE CONSUMO,5072,Equipos y suministros de hardware,5072
264000,FABRICACIÓN DE APARATOS ELECTRÓNICOS DE CONSUMO,5722,Tiendas de electrodomésticos,5722
265100,"FABRICACIÓN DE EQUIPO DE MEDICIÓN, PRUEBA, NAVEGACIÓN Y CONTROL",5065,Piezas y equipos eléctricos,5065
265200,FABRICACIÓN DE RELOJES,5094,"Piedras y metales preciosos, relojes y joyas",5094
265200,FABRICACIÓN DE RELOJES,5944,"Tiendas de relojería, joyerías y platería",5944
266000,FABRICACIÓN DE EQUIPO DE IRRADIACIÓN Y EQUIPO ELECTRÓNICO DE USO MÉDICO Y TERAPÉUTICO,5047,"Equipos y suministros médicos, dentales, oftalmológicos y hospitalarios.",5047
266000,FABRICACIÓN DE EQUIPO DE IRRADIACIÓN Y EQUIPO ELECTRÓNICO DE USO MÉDICO Y TERAPÉUTICO,5065,Piezas y equipos eléctricos,5065
267000,FABRICACIÓN DE INSTRUMENTOS ÓPTICOS Y EQUIPO FOTOGRÁFICO,5044,"Equipos de oficina, fotográficos, fotocopiadores y microfilmes.",5044
268000,FABRICACIÓN DE SOPORTES MAGNÉTICOS Y ÓPTICOS,8043,"Ópticas, Artículos de Óptica y Anteojos",8043
271000,"FABRICACIÓN DE MOTORES, GENERADORES Y TRANSFORMADORES ELÉCTRICOS, APARATOS DE DISTRIBUCIÓN Y CONTROL",5013,Suministros para vehículos de motor y repuestos nuevos.,5013
271000,"FABRICACIÓN DE MOTORES, GENERADORES Y TRANSFORMADORES ELÉCTRICOS, APARATOS DE DISTRIBUCIÓN Y CONTROL",5065,Piezas y equipos eléctricos,5065
272000,"FABRICACIÓN DE PILAS, BATERÍAS Y ACUMULADORES",5169,"Productos químicos y productos afines, no clasificados en otra parte",5169
273100,FABRICACIÓN DE CABLES DE FIBRA ÓPTICA,4812,"Equipos de telecomunicaciones, incluida la venta de teléfonos.",4812
273100,FABRICACIÓN DE CABLES DE FIBRA ÓPTICA,4812,"Equipos de telecomunicaciones, incluida la venta de teléfonos.",4812
273200,FABRICACIÓN DE OTROS HILOS Y CABLES ELÉCTRICOS,5065,Piezas y equipos eléctricos,5065
273200,FABRICACIÓN DE OTROS HILOS Y CABLES ELÉCTRICOS,5065,Piezas y equipos eléctricos,5065
273300,FABRICACIÓN DE DISPOSITIVOS DE CABLEADO,4812,"Equipos de telecomunicaciones, incluida la venta de teléfonos.",4812
274000,FABRICACIÓN DE EQUIPO ELÉCTRICO DE ILUMINACIÓN,5065,Piezas y equipos eléctricos,5065
275000,FABRICACIÓN DE APARATOS DE USO DOMÉSTICO,5065,Piezas y equipos eléctricos,5065
275000,FABRICACIÓN DE APARATOS DE USO DOMÉSTICO,5722,Tiendas de electrodomésticos,5722
279000,FABRICACIÓN DE OTROS TIPOS DE EQUIPO ELÉCTRICO,5065,Piezas y equipos eléctricos,5065
281100,"FABRICACIÓN DE MOTORES Y TURBINAS, EXCEPTO PARA AERONAVES, VEHÍCULOS AUTOMOTORES Y MOTOCICLETAS",5046,"Equipo comercial, no clasificado en otra parte",5046
281100,"FABRICACIÓN DE MOTORES Y TURBINAS, EXCEPTO PARA AERONAVES, VEHÍCULOS AUTOMOTORES Y MOTOCICLETAS",5065,Piezas y equipos eléctricos,5065
281200,FABRICACIÓN DE EQUIPO DE PROPULSIÓN DE FLUIDOS,5046,"Equipo comercial, no clasificado en otra parte",5046
281200,FABRICACIÓN DE EQUIPO DE PROPULSIÓN DE FLUIDOS,5065,Piezas y equipos eléctricos,5065
281300,"FABRICACIÓN DE OTRAS BOMBAS, COMPRESORES, GRIFOS Y VÁLVULAS",5046,"Equipo comercial, no clasificado en otra parte",5046
281300,"FABRICACIÓN DE OTRAS BOMBAS, COMPRESORES, GRIFOS Y VÁLVULAS",5065,Piezas y equipos eléctricos,5065
281400,"FABRICACIÓN DE COJINETES, ENGRANAJES, TRENES DE ENGRANAJES Y PIEZAS DE TRANSMISIÓN",5013,Suministros para vehículos de motor y repuestos nuevos.,5013
281400,"FABRICACIÓN DE COJINETES, ENGRANAJES, TRENES DE ENGRANAJES Y PIEZAS DE TRANSMISIÓN",5046,"Equipo comercial, no clasificado en otra parte",5046
281400,"FABRICACIÓN DE COJINETES, ENGRANAJES, TRENES DE ENGRANAJES Y PIEZAS DE TRANSMISIÓN",5065,Piezas y equipos eléctricos,5065
281400,"FABRICACIÓN DE COJINETES, ENGRANAJES, TRENES DE ENGRANAJES Y PIEZAS DE TRANSMISIÓN",5533,"Repuestos de automóviles, Tiendas de accesorios",5533
281500,"FABRICACIÓN DE HORNOS, CALDERAS Y QUEMADORES",5046,"Equipo comercial, no clasificado en otra parte",5046
281600,FABRICACIÓN DE EQUIPO DE ELEVACIÓN Y MANIPULACIÓN,5046,"Equipo comercial, no clasificado en otra parte",5046
281700,FABRICACIÓN DE MAQUINARIA Y EQUIPO DE OFICINA (EXCEPTO COMPUTADORES Y EQUIPO PERIFÉRICO),5044,"Equipos de oficina, fotográficos, fotocopiadores y microfilmes.",5044
281700,FABRICACIÓN DE MAQUINARIA Y EQUIPO DE OFICINA (EXCEPTO COMPUTADORES Y EQUIPO PERIFÉRICO),5046,"Equipo comercial, no clasificado en otra parte",5046
281800,FABRICACIÓN DE HERRAMIENTAS DE MANO MOTORIZADAS,5046,"Equipo comercial, no clasificado en otra parte",5046
281800,FABRICACIÓN DE HERRAMIENTAS DE MANO MOTORIZADAS,5251,Ferreterías,5251
281900,FABRICACIÓN DE OTROS TIPOS DE MAQUINARIA DE USO GENERAL,5046,"Equipo comercial, no clasificado en otra parte",5046
281900,FABRICACIÓN DE OTROS TIPOS DE MAQUINARIA DE USO GENERAL,5251,Ferreterías,5251
282100,FABRICACIÓN DE MAQUINARIA AGROPECUARIA Y FORESTAL,5046,"Equipo comercial, no clasificado en otra parte",5046
282200,FABRICACIÓN DE MAQUINARIA PARA LA CONFORMACIÓN DE METALES Y DE MÁQUINAS HERRAMIENTA,5046,"Equipo comercial, no clasificado en otra parte",5046
282300,FABRICACIÓN DE MAQUINARIA METALÚRGICA,5046,"Equipo comercial, no clasificado en otra parte",5046
282300,FABRICACIÓN DE MAQUINARIA METALÚRGICA,5051,Centros y Oficinas de Servicio de Metales,5051
282400,FABRICACIÓN DE MAQUINARIA PARA LA EXPLOTACIÓN DE MINAS Y CANTERAS Y PARA OBRAS DE CONSTRUCCIÓN,5046,"Equipo comercial, no clasificado en otra parte",5046
282500,"FABRICACIÓN DE MAQUINARIA PARA LA ELABORACIÓN DE ALIMENTOS, BEBIDAS Y TABACO",5046,"Equipo comercial, no clasificado en otra parte",5046
282600,"FABRICACIÓN DE MAQUINARIA PARA LA ELABORACIÓN DE PRODUCTOS TEXTILES, PRENDAS DE VESTIR Y CUEROS",5046,"Equipo comercial, no clasificado en otra parte",5046
282900,FABRICACIÓN DE OTROS TIPOS DE MAQUINARIA DE USO ESPECIAL,5046,"Equipo comercial, no clasificado en otra parte",5046
291000,FABRICACIÓN DE VEHÍCULOS AUTOMOTORES,5599,Concesionarios de automóviles varios,5599
292000,FABRICACIÓN DE CARROCERÍAS PARA VEHÍCULOS AUTOMOTORES; FABRICACIÓN DE REMOLQUES Y SEMIRREMOLQUES,5599,Concesionarios de automóviles varios,5599
293000,"FABRICACIÓN DE PARTES, PIEZAS Y ACCESORIOS PARA VEHÍCULOS AUTOMOTORES",5013,Suministros para vehículos de motor y repuestos nuevos.,5013
293000,"FABRICACIÓN DE PARTES, PIEZAS Y ACCESORIOS PARA VEHÍCULOS AUTOMOTORES",5533,"Repuestos de automóviles, Tiendas de accesorios",5533
301100,"CONSTRUCCIÓN DE BUQUES, EMBARCACIONES MENORES Y ESTRUCTURAS FLOTANTES",5551,Distribuidores de barcos,5551
301200,CONSTRUCCIÓN DE EMBARCACIONES DE RECREO Y DE DEPORTE,5551,Distribuidores de barcos,5551
302000,FABRICACIÓN DE LOCOMOTORAS Y MATERIAL RODANTE,4011,Ferrocarriles,4011
303000,"FABRICACIÓN DE AERONAVES, NAVES ESPACIALES Y MAQUINARIA CONEXA",4511,"Aerolíneas, transportistas aéreos (no enumerados en otra parte)",4511
304000,FABRICACIÓN DE VEHÍCULOS MILITARES DE COMBATE,7393,"Servicios de protección y seguridad, incluidos vehículos blindados y perros guardianes",7393
309100,FABRICACIÓN DE MOTOCICLETAS,5571,Concesionarios de motocicletas,5571
309200,FABRICACIÓN DE BICICLETAS Y DE SILLAS DE RUEDAS,5940,Tiendas de bicicletas – Ventas y servicio,5940
309200,FABRICACIÓN DE BICICLETAS Y DE SILLAS DE RUEDAS,5976,Artículos ortopédicos Dispositivos protésicos,5976
309900,FABRICACIÓN DE OTROS TIPOS DE EQUIPO DE TRANSPORTE N.C.P.,5013,Suministros para vehículos de motor y repuestos nuevos.,5013
310001,FABRICACIÓN DE MUEBLES PRINCIPALMENTE DE MADERA,5211,Tiendas de madera y materiales de construcción,5211
310001,FABRICACIÓN DE MUEBLES PRINCIPALMENTE DE MADERA,5712,"Tiendas de muebles, muebles para el hogar y equipos, excepto electrodomésticos",5712
310001,FABRICACIÓN DE MUEBLES PRINCIPALMENTE DE MADERA,5719,Tiendas especializadas en muebles para el hogar varios,5719
310001,FABRICACIÓN DE MUEBLES PRINCIPALMENTE DE MADERA,7641,"Mobiliario, Reparación de muebles y Acabado de muebles",7641
310009,FABRICACIÓN DE COLCHONES; FABRICACIÓN DE OTROS MUEBLES N.C.P.,5712,"Tiendas de muebles, muebles para el hogar y equipos, excepto electrodomésticos",5712
310009,FABRICACIÓN DE COLCHONES; FABRICACIÓN DE OTROS MUEBLES N.C.P.,5719,Tiendas especializadas en muebles para el hogar varios,5719
321100,FABRICACIÓN DE JOYAS Y ARTÍCULOS CONEXOS,5094,"Piedras y metales preciosos, relojes y joyas",5094
321100,FABRICACIÓN DE JOYAS Y ARTÍCULOS CONEXOS,7631,"Reparación de relojes, relojes y joyas",7631
321200,FABRICACIÓN DE BISUTERÍA Y ARTÍCULOS CONEXOS,5094,"Piedras y metales preciosos, relojes y joyas",5094
321200,FABRICACIÓN DE BISUTERÍA Y ARTÍCULOS CONEXOS,5947,"Tiendas de tarjetas, tiendas de regalos, novedades y souvenirs",5947
321200,FABRICACIÓN DE BISUTERÍA Y ARTÍCULOS CONEXOS,7631,"Reparación de relojes, relojes y joyas",7631
322000,FABRICACIÓN DE INSTRUMENTOS MUSICALES,5733,"Tiendas de música, Instrumentos musicales, Partituras para piano",5733
323000,FABRICACIÓN DE ARTÍCULOS DE DEPORTE,5941,Tiendas de artículos deportivos,5941
324000,FABRICACIÓN DE JUEGOS Y JUGUETES,5945,"Tiendas de pasatiempos, juguetes y juegos",5945
325001,ACTIVIDADES DE LABORATORIOS DENTALES,8021,Dentistas y Ortodoncistas,8021
325001,ACTIVIDADES DE LABORATORIOS DENTALES,8071,Laboratorios médicos y dentales,8071
325009,"FABRICACIÓN DE INSTRUMENTOS Y MATERIALES MÉDICOS, OFTALMOLÓGICOS Y ODONTOLÓGICOS N.C.P.",5047,"Equipos y suministros médicos, dentales, oftalmológicos y hospitalarios.",5047
329000,OTRAS INDUSTRIAS MANUFACTURERAS N.C.P.,5085,"Suministros industriales, no clasificados en otra parte",5085
331100,REPARACIÓN DE PRODUCTOS ELABORADOS DE METAL,5051,Centros y Oficinas de Servicio de Metales,5051
331100,REPARACIÓN DE PRODUCTOS ELABORADOS DE METAL,7699,Talleres de reparación y servicios relacionados –Varios,7699
331201,REPARACIÓN DE MAQUINARIA AGROPECUARIA Y FORESTAL,7699,Talleres de reparación y servicios relacionados –Varios,7699
331202,"REPARACIÓN DE MAQUINARIA METALÚRGICA, PARA LA MINERÍA, EXTRACCIÓN DE PETRÓLEO Y PARA LA CONSTRUCCIÓN",5051,Centros y Oficinas de Servicio de Metales,5051
331202,"REPARACIÓN DE MAQUINARIA METALÚRGICA, PARA LA MINERÍA, EXTRACCIÓN DE PETRÓLEO Y PARA LA CONSTRUCCIÓN",7692,Reparación de soldadura,7692
331202,"REPARACIÓN DE MAQUINARIA METALÚRGICA, PARA LA MINERÍA, EXTRACCIÓN DE PETRÓLEO Y PARA LA CONSTRUCCIÓN",7699,Talleres de reparación y servicios relacionados –Varios,7699
331203,"REPARACIÓN DE MAQUINARIA PARA LA ELABORACIÓN DE ALIMENTOS, BEBIDAS Y TABACO",7699,Talleres de reparación y servicios relacionados –Varios,7699
331204,"REPARACIÓN DE MAQUINARIA PARA PRODUCIR TEXTILES, PRENDAS DE VESTIR, ARTÍCULOS DE CUERO Y CALZADO",7699,Talleres de reparación y servicios relacionados –Varios,7699
331209,REPARACIÓN DE OTRO TIPO DE MAQUINARIA Y EQUIPOS INDUSTRIALES N.C.P.,7692,Reparación de soldadura,7692
331209,REPARACIÓN DE OTRO TIPO DE MAQUINARIA Y EQUIPOS INDUSTRIALES N.C.P.,7699,Talleres de reparación y servicios relacionados –Varios,7699
331301,"REPARACIÓN DE EQUIPO DE MEDICIÓN, PRUEBA, NAVEGACIÓN Y CONTROL",7699,Talleres de reparación y servicios relacionados –Varios,7699
331309,REPARACIÓN DE OTROS EQUIPOS ELECTRÓNICOS Y ÓPTICOS N.C.P.,7699,Talleres de reparación y servicios relacionados –Varios,7699
331400,REPARACIÓN DE EQUIPO ELÉCTRICO (EXCEPTO REPARACIÓN DE EQUIPO Y ENSERES DOMÉSTICOS),7699,Talleres de reparación y servicios relacionados –Varios,7699
331501,"REPARACIÓN DE BUQUES, EMBARCACIONES MENORES Y ESTRUCTURAS FLOTANTES",7699,Talleres de reparación y servicios relacionados –Varios,7699
331502,REPARACIÓN DE AERONAVES Y NAVES ESPACIALES,7699,Talleres de reparación y servicios relacionados –Varios,7699
331509,"REPARACIÓN DE OTROS EQUIPOS DE TRANSPORTE N.C.P., EXCEPTO VEHÍCULOS AUTOMOTORES",7699,Talleres de reparación y servicios relacionados –Varios,7699
331900,REPARACIÓN DE OTROS TIPOS DE EQUIPO,7699,Talleres de reparación y servicios relacionados –Varios,7699
332000,INSTALACIÓN DE MAQUINARIA Y EQUIPOS INDUSTRIALES,8999,Servicios profesionales (no definidos en otra parte),8999
351011,GENERACIÓN DE ENERGÍA ELÉCTRICA EN CENTRALES HIDROELÉCTRICAS,4900,"Servicios Públicos de Electricidad, Gas, Sanitarios y Agua",4900
351012,GENERACIÓN DE ENERGÍA ELÉCTRICA EN CENTRALES TERMOELÉCTRICAS,4900,"Servicios Públicos de Electricidad, Gas, Sanitarios y Agua",4900
351019,GENERACIÓN DE ENERGÍA ELÉCTRICA EN OTRAS CENTRALES N.C.P.,4900,"Servicios Públicos de Electricidad, Gas, Sanitarios y Agua",4900
351020,TRANSMISIÓN DE ENERGÍA ELÉCTRICA,4900,"Servicios Públicos de Electricidad, Gas, Sanitarios y Agua",4900
351030,DISTRIBUCIÓN DE ENERGÍA ELÉCTRICA,4900,"Servicios Públicos de Electricidad, Gas, Sanitarios y Agua",4900
352010,REGASIFICACIÓN DE GAS NATURAL LICUADO (GNL),5983,"Combustible: fueloil, madera, carbón, petróleo licuado",5983
352020,"FABRICACIÓN DE GAS; DISTRIBUCIÓN DE COMBUSTIBLES GASEOSOS POR TUBERÍA, EXCEPTO REGASIFICACIÓN DE GNL",5983,"Combustible: fueloil, madera, carbón, petróleo licuado",5983
353001,SUMINISTRO DE VAPOR Y DE AIRE ACONDICIONADO,1711,"Contratistas de aire acondicionado: ventas e instalación, Contratistas de calefacción: ventas, servicio, instalación",1711
353002,ELABORACIÓN DE HIELO (EXCEPTO FABRICACIÓN DE HIELO SECO),5169,"Productos químicos y productos afines, no clasificados en otra parte",5169
360000,"CAPTACIÓN, TRATAMIENTO Y DISTRIBUCIÓN DE AGUA",4900,"Servicios Públicos de Electricidad, Gas, Sanitarios y Agua",4900
370000,EVACUACIÓN Y TRATAMIENTO DE AGUAS SERVIDAS,4900,"Servicios Públicos de Electricidad, Gas, Sanitarios y Agua",4900
381100,RECOGIDA DE DESECHOS NO PELIGROSOS,4214,"Transportistas de carga, empresas de mudanzas y almacenamiento, transporte por carretera (local/larga distancia), servicios de entrega (local)",4214
381100,RECOGIDA DE DESECHOS NO PELIGROSOS,5935,Patios de demolición y salvamento,5935
381100,RECOGIDA DE DESECHOS NO PELIGROSOS,7399,"Servicios comerciales, no clasificados en otra parte",7399
381200,RECOGIDA DE DESECHOS PELIGROSOS,5169,"Productos químicos y productos afines, no clasificados en otra parte",5169
382100,TRATAMIENTO Y ELIMINACIÓN DE DESECHOS NO PELIGROSOS,4214,"Transportistas de carga, empresas de mudanzas y almacenamiento, transporte por carretera (local/larga distancia), servicios de entrega (local)",4214
382100,TRATAMIENTO Y ELIMINACIÓN DE DESECHOS NO PELIGROSOS,5935,Patios de demolición y salvamento,5935
382100,TRATAMIENTO Y ELIMINACIÓN DE DESECHOS NO PELIGROSOS,7399,"Servicios comerciales, no clasificados en otra parte",7399
382200,TRATAMIENTO Y ELIMINACIÓN DE DESECHOS PELIGROSOS,5169,"Productos químicos y productos afines, no clasificados en otra parte",5169
383001,RECUPERACIÓN Y RECICLAMIENTO DE DESPERDICIOS Y DESECHOS METÁLICOS,5051,Centros y Oficinas de Servicio de Metales,5051
383002,RECUPERACIÓN Y RECICLAMIENTO DE PAPEL,5111,"Papelería, Material de oficina, Papel de impresión y para escribir",5111
383002,RECUPERACIÓN Y RECICLAMIENTO DE PAPEL,5999,Tiendas minoristas diversas y especializadas,5999
383002,RECUPERACIÓN Y RECICLAMIENTO DE PAPEL,7399,"Servicios comerciales, no clasificados en otra parte",7399
383003,RECUPERACIÓN Y RECICLAMIENTO DE VIDRIO,5935,Patios de demolición y salvamento,5935
383003,RECUPERACIÓN Y RECICLAMIENTO DE VIDRIO,5999,Tiendas minoristas diversas y especializadas,5999
383003,RECUPERACIÓN Y RECICLAMIENTO DE VIDRIO,7399,"Servicios comerciales, no clasificados en otra parte",7399
383009,RECUPERACIÓN Y RECICLAMIENTO DE OTROS DESPERDICIOS Y DESECHOS N.C.P.,5935,Patios de demolición y salvamento,5935
383009,RECUPERACIÓN Y RECICLAMIENTO DE OTROS DESPERDICIOS Y DESECHOS N.C.P.,5999,Tiendas minoristas diversas y especializadas,5999
383009,RECUPERACIÓN Y RECICLAMIENTO DE OTROS DESPERDICIOS Y DESECHOS N.C.P.,7399,"Servicios comerciales, no clasificados en otra parte",7399
390000,ACTIVIDADES DE DESCONTAMINACIÓN Y OTROS SERVICIOS DE GESTIÓN DE DESECHOS,2842,"Preparaciones especiales de limpieza, pulido y saneamiento",2842
390000,ACTIVIDADES DE DESCONTAMINACIÓN Y OTROS SERVICIOS DE GESTIÓN DE DESECHOS,7210,"Servicios de lavandería, limpieza y confección",7210
410010,CONSTRUCCIÓN DE EDIFICIOS PARA USO RESIDENCIAL,8911,Servicios de Arquitectura – Ingeniería y Topografía,8911
410010,CONSTRUCCIÓN DE EDIFICIOS PARA USO RESIDENCIAL,8911,Servicios de Arquitectura – Ingeniería y Topografía,8911
410020,CONSTRUCCIÓN DE EDIFICIOS PARA USO NO RESIDENCIAL,8911,Servicios de Arquitectura – Ingeniería y Topografía,8911
421000,CONSTRUCCIÓN DE CARRETERAS Y LÍNEAS DE FERROCARRIL,8911,Servicios de Arquitectura – Ingeniería y Topografía,8911
422000,CONSTRUCCIÓN DE PROYECTOS DE SERVICIO PÚBLICO,8911,Servicios de Arquitectura – Ingeniería y Topografía,8911
429000,CONSTRUCCIÓN DE OTRAS OBRAS DE INGENIERÍA CIVIL,8911,Servicios de Arquitectura – Ingeniería y Topografía,8911
431100,DEMOLICIÓN,8911,Servicios de Arquitectura – Ingeniería y Topografía,8911
431200,PREPARACIÓN DEL TERRENO,8911,Servicios de Arquitectura – Ingeniería y Topografía,8911
432100,INSTALACIONES ELÉCTRICAS,1731,Contratistas eléctricos,1731
432100,INSTALACIONES ELÉCTRICAS,8999,Servicios profesionales (no definidos en otra parte),8999
432200,"INSTALACIONES DE GASFITERÍA, CALEFACCIÓN Y AIRE ACONDICIONADO",1711,"Contratistas de aire acondicionado: ventas e instalación, Contratistas de calefacción: ventas, servicio, instalación",1711
432900,OTRAS INSTALACIONES PARA OBRAS DE CONSTRUCCIÓN,1711,"Contratistas de aire acondicionado: ventas e instalación, Contratistas de calefacción: ventas, servicio, instalación",1711
432900,OTRAS INSTALACIONES PARA OBRAS DE CONSTRUCCIÓN,1731,Contratistas eléctricos,1731
432900,OTRAS INSTALACIONES PARA OBRAS DE CONSTRUCCIÓN,1740,"Aislamiento: contratistas, contratistas de albañilería, contratistas de cantería, contratistas de yeso, contratistas de cantería y mampostería, contratistas de colocación de azulejos",1740
432900,OTRAS INSTALACIONES PARA OBRAS DE CONSTRUCCIÓN,1750,Contratistas de carpintería,1750
432900,OTRAS INSTALACIONES PARA OBRAS DE CONSTRUCCIÓN,1761,"Techos – Contratistas, Trabajos de chapa metálica – Contratistas, Revestimientos – Contratistas",1761
432900,OTRAS INSTALACIONES PARA OBRAS DE CONSTRUCCIÓN,1771,Contratistas – Trabajos de Concreto,1771
432900,OTRAS INSTALACIONES PARA OBRAS DE CONSTRUCCIÓN,8911,Servicios de Arquitectura – Ingeniería y Topografía,8911
433000,TERMINACIÓN Y ACABADO DE EDIFICIOS,1711,"Contratistas de aire acondicionado: ventas e instalación, Contratistas de calefacción: ventas, servicio, instalación",1711
433000,TERMINACIÓN Y ACABADO DE EDIFICIOS,1731,Contratistas eléctricos,1731
433000,TERMINACIÓN Y ACABADO DE EDIFICIOS,1740,"Aislamiento: contratistas, contratistas de albañilería, contratistas de cantería, contratistas de yeso, contratistas de cantería y mampostería, contratistas de colocación de azulejos",1740
433000,TERMINACIÓN Y ACABADO DE EDIFICIOS,1750,Contratistas de carpintería,1750
433000,TERMINACIÓN Y ACABADO DE EDIFICIOS,1761,"Techos – Contratistas, Trabajos de chapa metálica – Contratistas, Revestimientos – Contratistas",1761
433000,TERMINACIÓN Y ACABADO DE EDIFICIOS,1771,Contratistas – Trabajos de Concreto,1771
433000,TERMINACIÓN Y ACABADO DE EDIFICIOS,8911,Servicios de Arquitectura – Ingeniería y Topografía,8911
439000,OTRAS ACTIVIDADES ESPECIALIZADAS DE CONSTRUCCIÓN,1711,"Contratistas de aire acondicionado: ventas e instalación, Contratistas de calefacción: ventas, servicio, instalación",1711
439000,OTRAS ACTIVIDADES ESPECIALIZADAS DE CONSTRUCCIÓN,1731,Contratistas eléctricos,1731
439000,OTRAS ACTIVIDADES ESPECIALIZADAS DE CONSTRUCCIÓN,1740,"Aislamiento: contratistas, contratistas de albañilería, contratistas de cantería, contratistas de yeso, contratistas de cantería y mampostería, contratistas de colocación de azulejos",1740
439000,OTRAS ACTIVIDADES ESPECIALIZADAS DE CONSTRUCCIÓN,1750,Contratistas de carpintería,1750
439000,OTRAS ACTIVIDADES ESPECIALIZADAS DE CONSTRUCCIÓN,1761,"Techos – Contratistas, Trabajos de chapa metálica – Contratistas, Revestimientos – Contratistas",1761
439000,OTRAS ACTIVIDADES ESPECIALIZADAS DE CONSTRUCCIÓN,1771,Contratistas – Trabajos de Concreto,1771
439000,OTRAS ACTIVIDADES ESPECIALIZADAS DE CONSTRUCCIÓN,8911,Servicios de Arquitectura – Ingeniería y Topografía,8911
451001,VENTA AL POR MAYOR DE VEHÍCULOS AUTOMOTORES,5511,"Concesionarios de automóviles y camiones (nuevos y usados) Ventas, servicios, reparaciones, repuestos y arrendamiento",5511
451001,VENTA AL POR MAYOR DE VEHÍCULOS AUTOMOTORES,5599,Concesionarios de automóviles varios,5599
451002,VENTA AL POR MENOR DE VEHÍCULOS AUTOMOTORES NUEVOS O USADOS (INCLUYE COMPRAVENTA),5511,"Concesionarios de automóviles y camiones (nuevos y usados) Ventas, servicios, reparaciones, repuestos y arrendamiento",5511
451002,VENTA AL POR MENOR DE VEHÍCULOS AUTOMOTORES NUEVOS O USADOS (INCLUYE COMPRAVENTA),5521,Concesionarios de automóviles y camiones (solo usados),5521
451002,VENTA AL POR MENOR DE VEHÍCULOS AUTOMOTORES NUEVOS O USADOS (INCLUYE COMPRAVENTA),5599,Concesionarios de automóviles varios,5599
452001,SERVICIO DE LAVADO DE VEHÍCULOS AUTOMOTORES,7542,Lavados de autos,7542
452002,MANTENIMIENTO Y REPARACIÓN DE VEHÍCULOS AUTOMOTORES,5511,"Concesionarios de automóviles y camiones (nuevos y usados) Ventas, servicios, reparaciones, repuestos y arrendamiento",5511
452002,MANTENIMIENTO Y REPARACIÓN DE VEHÍCULOS AUTOMOTORES,7531,Talleres de reparación de carrocerías de automóviles,7531
452002,MANTENIMIENTO Y REPARACIÓN DE VEHÍCULOS AUTOMOTORES,7534,Talleres de recauchutado y reparación de neumáticos,7534
452002,MANTENIMIENTO Y REPARACIÓN DE VEHÍCULOS AUTOMOTORES,7535,Talleres de pintura – Automotriz,7535
452002,MANTENIMIENTO Y REPARACIÓN DE VEHÍCULOS AUTOMOTORES,7538,Talleres de servicio automotriz,7538
453000,"VENTA DE PARTES, PIEZAS Y ACCESORIOS PARA VEHÍCULOS AUTOMOTORES",5013,Suministros para vehículos de motor y repuestos nuevos.,5013
453000,"VENTA DE PARTES, PIEZAS Y ACCESORIOS PARA VEHÍCULOS AUTOMOTORES",5511,"Concesionarios de automóviles y camiones (nuevos y usados) Ventas, servicios, reparaciones, repuestos y arrendamiento",5511
453000,"VENTA DE PARTES, PIEZAS Y ACCESORIOS PARA VEHÍCULOS AUTOMOTORES",5533,"Repuestos de automóviles, Tiendas de accesorios",5533
454001,VENTA DE MOTOCICLETAS,5571,Concesionarios de motocicletas,5571
454002,"VENTA DE PARTES, PIEZAS Y ACCESORIOS DE MOTOCICLETAS",5013,Suministros para vehículos de motor y repuestos nuevos.,5013
454003,MANTENIMIENTO Y REPARACIÓN DE MOTOCICLETAS,7699,Talleres de reparación y servicios relacionados –Varios,7699
461001,CORRETAJE AL POR MAYOR DE PRODUCTOS AGRÍCOLAS,763,Cooperativas Agrícolas,763
461002,CORRETAJE AL POR MAYOR DE GANADO,763,Cooperativas Agrícolas,763
461009,OTROS TIPOS DE CORRETAJES O REMATES AL POR MAYOR N.C.P.,9999,"Las casas de subastas [no incluyen filiales de empresas cotizadas públicamente ni casas de subastas establecidas de naturaleza indudable (es decir, Christies, Sotheby's)].",9999
462010,VENTA AL POR MAYOR DE MATERIAS PRIMAS AGRÍCOLAS,763,Cooperativas Agrícolas,763
462010,VENTA AL POR MAYOR DE MATERIAS PRIMAS AGRÍCOLAS,5193,"Suministros para floristas, material para viveros y flores",5193
462010,VENTA AL POR MAYOR DE MATERIAS PRIMAS AGRÍCOLAS,5261,Viveros - Tienda de suministros para césped y jardín,5261
462010,VENTA AL POR MAYOR DE MATERIAS PRIMAS AGRÍCOLAS,5300,Clubes Mayoristas,5300
462020,VENTA AL POR MAYOR DE ANIMALES VIVOS,763,Cooperativas Agrícolas,763
462020,VENTA AL POR MAYOR DE ANIMALES VIVOS,5300,Clubes Mayoristas,5300
462090,VENTA AL POR MAYOR DE OTRAS MATERIAS PRIMAS AGROPECUARIAS N.C.P.,763,Cooperativas Agrícolas,763
462090,VENTA AL POR MAYOR DE OTRAS MATERIAS PRIMAS AGROPECUARIAS N.C.P.,5193,"Suministros para floristas, material para viveros y flores",5193
462090,VENTA AL POR MAYOR DE OTRAS MATERIAS PRIMAS AGROPECUARIAS N.C.P.,5261,Viveros - Tienda de suministros para césped y jardín,5261
462090,VENTA AL POR MAYOR DE OTRAS MATERIAS PRIMAS AGROPECUARIAS N.C.P.,5300,Clubes Mayoristas,5300
462090,VENTA AL POR MAYOR DE OTRAS MATERIAS PRIMAS AGROPECUARIAS N.C.P.,5499,Varios. Tiendas de alimentos: tiendas de conveniencia y mercados especializados,5499
463011,VENTA AL POR MAYOR DE FRUTAS Y VERDURAS,5262,Marketplaces,5262
463011,VENTA AL POR MAYOR DE FRUTAS Y VERDURAS,5300,Clubes Mayoristas,5300
463012,VENTA AL POR MAYOR DE CARNE Y PRODUCTOS CÁRNICOS,5262,Marketplaces,5262
463012,VENTA AL POR MAYOR DE CARNE Y PRODUCTOS CÁRNICOS,5300,Clubes Mayoristas,5300
463012,VENTA AL POR MAYOR DE CARNE Y PRODUCTOS CÁRNICOS,5499,Varios. Tiendas de alimentos: tiendas de conveniencia y mercados especializados,5499
463013,"VENTA AL POR MAYOR DE PRODUCTOS DEL MAR (PESCADOS, MARISCOS Y ALGAS)",5262,Marketplaces,5262
463013,"VENTA AL POR MAYOR DE PRODUCTOS DEL MAR (PESCADOS, MARISCOS Y ALGAS)",5300,Clubes Mayoristas,5300
463013,"VENTA AL POR MAYOR DE PRODUCTOS DEL MAR (PESCADOS, MARISCOS Y ALGAS)",5499,Varios. Tiendas de alimentos: tiendas de conveniencia y mercados especializados,5499
463014,VENTA AL POR MAYOR DE PRODUCTOS DE CONFITERÍA,5262,Marketplaces,5262
463014,VENTA AL POR MAYOR DE PRODUCTOS DE CONFITERÍA,5300,Clubes Mayoristas,5300
463014,VENTA AL POR MAYOR DE PRODUCTOS DE CONFITERÍA,5441,"Tiendas de dulces, nueces y confitería",5441
463014,VENTA AL POR MAYOR DE PRODUCTOS DE CONFITERÍA,5499,Varios. Tiendas de alimentos: tiendas de conveniencia y mercados especializados,5499
463019,"VENTA AL POR MAYOR DE HUEVOS, LÁCTEOS, ABARROTES Y DE OTROS ALIMENTOS N.C.P.",5262,Marketplaces,5262
463019,"VENTA AL POR MAYOR DE HUEVOS, LÁCTEOS, ABARROTES Y DE OTROS ALIMENTOS N.C.P.",5300,Clubes Mayoristas,5300
463019,"VENTA AL POR MAYOR DE HUEVOS, LÁCTEOS, ABARROTES Y DE OTROS ALIMENTOS N.C.P.",5411,"Tiendas de comestibles, Supermercados",5411
463019,"VENTA AL POR MAYOR DE HUEVOS, LÁCTEOS, ABARROTES Y DE OTROS ALIMENTOS N.C.P.",5451,Tiendas de productos lácteos,5451
463019,"VENTA AL POR MAYOR DE HUEVOS, LÁCTEOS, ABARROTES Y DE OTROS ALIMENTOS N.C.P.",5499,Varios. Tiendas de alimentos: tiendas de conveniencia y mercados especializados,5499
463020,VENTA AL POR MAYOR DE BEBIDAS ALCOHÓLICAS Y NO ALCOHÓLICAS,5262,Marketplaces,5262
463020,VENTA AL POR MAYOR DE BEBIDAS ALCOHÓLICAS Y NO ALCOHÓLICAS,5300,Clubes Mayoristas,5300
463020,VENTA AL POR MAYOR DE BEBIDAS ALCOHÓLICAS Y NO ALCOHÓLICAS,5411,"Tiendas de comestibles, Supermercados",5411
463020,VENTA AL POR MAYOR DE BEBIDAS ALCOHÓLICAS Y NO ALCOHÓLICAS,5499,Varios. Tiendas de alimentos: tiendas de conveniencia y mercados especializados,5499
463030,VENTA AL POR MAYOR DE TABACO,5262,Marketplaces,5262
463030,VENTA AL POR MAYOR DE TABACO,5300,Clubes Mayoristas,5300
463030,VENTA AL POR MAYOR DE TABACO,5499,Varios. Tiendas de alimentos: tiendas de conveniencia y mercados especializados,5499
463030,VENTA AL POR MAYOR DE TABACO,5993,Estancos y puestos de tabaco,5993
464100,"VENTA AL POR MAYOR DE PRODUCTOS TEXTILES, PRENDAS DE VESTIR Y CALZADO",5137,"Uniformes y ropa comercial para hombres, mujeres y niños.",5137
464100,"VENTA AL POR MAYOR DE PRODUCTOS TEXTILES, PRENDAS DE VESTIR Y CALZADO",5139,Calzado Comercial,5139
464100,"VENTA AL POR MAYOR DE PRODUCTOS TEXTILES, PRENDAS DE VESTIR Y CALZADO",5262,Marketplaces,5262
464100,"VENTA AL POR MAYOR DE PRODUCTOS TEXTILES, PRENDAS DE VESTIR Y CALZADO",5300,Clubes Mayoristas,5300
464100,"VENTA AL POR MAYOR DE PRODUCTOS TEXTILES, PRENDAS DE VESTIR Y CALZADO",5611,Tiendas de ropa y complementos para hombre y niño,5611
464100,"VENTA AL POR MAYOR DE PRODUCTOS TEXTILES, PRENDAS DE VESTIR Y CALZADO",5651,Tiendas de ropa familiar,5651
464100,"VENTA AL POR MAYOR DE PRODUCTOS TEXTILES, PRENDAS DE VESTIR Y CALZADO",5655,"Ropa deportiva, Tiendas de ropa para montar",5655
464100,"VENTA AL POR MAYOR DE PRODUCTOS TEXTILES, PRENDAS DE VESTIR Y CALZADO",5661,Zapaterías,5661
464100,"VENTA AL POR MAYOR DE PRODUCTOS TEXTILES, PRENDAS DE VESTIR Y CALZADO",5691,Tiendas de ropa para hombres y mujeres,5691
464100,"VENTA AL POR MAYOR DE PRODUCTOS TEXTILES, PRENDAS DE VESTIR Y CALZADO",5699,Tiendas de ropa y accesorios varios,5699
464901,"VENTA AL POR MAYOR DE MUEBLES, EXCEPTO MUEBLES DE OFICINA",5262,Marketplaces,5262
464901,"VENTA AL POR MAYOR DE MUEBLES, EXCEPTO MUEBLES DE OFICINA",5300,Clubes Mayoristas,5300
464901,"VENTA AL POR MAYOR DE MUEBLES, EXCEPTO MUEBLES DE OFICINA",7641,"Mobiliario, Reparación de muebles y Acabado de muebles",7641
464902,VENTA AL POR MAYOR DE ARTÍCULOS ELÉCTRICOS Y ELECTRÓNICOS PARA EL HOGAR,5262,Marketplaces,5262
464902,VENTA AL POR MAYOR DE ARTÍCULOS ELÉCTRICOS Y ELECTRÓNICOS PARA EL HOGAR,5300,Clubes Mayoristas,5300
464902,VENTA AL POR MAYOR DE ARTÍCULOS ELÉCTRICOS Y ELECTRÓNICOS PARA EL HOGAR,5722,Tiendas de electrodomésticos,5722
464903,"VENTA AL POR MAYOR DE ARTÍCULOS DE PERFUMERÍA, DE TOCADOR Y COSMÉTICOS",5262,Marketplaces,5262
464903,"VENTA AL POR MAYOR DE ARTÍCULOS DE PERFUMERÍA, DE TOCADOR Y COSMÉTICOS",5300,Clubes Mayoristas,5300
464903,"VENTA AL POR MAYOR DE ARTÍCULOS DE PERFUMERÍA, DE TOCADOR Y COSMÉTICOS",5977,Tiendas de cosméticos,5977
464904,VENTA AL POR MAYOR DE ARTÍCULOS DE PAPELERÍA Y ESCRITORIO,5111,"Papelería, Material de oficina, Papel de impresión y para escribir",5111
464904,VENTA AL POR MAYOR DE ARTÍCULOS DE PAPELERÍA Y ESCRITORIO,5262,Marketplaces,5262
464904,VENTA AL POR MAYOR DE ARTÍCULOS DE PAPELERÍA Y ESCRITORIO,5300,Clubes Mayoristas,5300
464904,VENTA AL POR MAYOR DE ARTÍCULOS DE PAPELERÍA Y ESCRITORIO,5943,"Papelerías, Tiendas de útiles escolares y de oficina",5943
464905,VENTA AL POR MAYOR DE LIBROS,5192,"Libros, publicaciones periódicas y periódicos",5192
464905,VENTA AL POR MAYOR DE LIBROS,5262,Marketplaces,5262
464905,VENTA AL POR MAYOR DE LIBROS,5300,Clubes Mayoristas,5300
464905,VENTA AL POR MAYOR DE LIBROS,5942,Librerías,5942
464906,VENTA AL POR MAYOR DE DIARIOS Y REVISTAS,5192,"Libros, publicaciones periódicas y periódicos",5192
464906,VENTA AL POR MAYOR DE DIARIOS Y REVISTAS,5262,Marketplaces,5262
464906,VENTA AL POR MAYOR DE DIARIOS Y REVISTAS,5300,Clubes Mayoristas,5300
464907,VENTA AL POR MAYOR DE PRODUCTOS FARMACÉUTICOS Y MEDICINALES,2912,Droguerías y Farmacias,2912
464907,VENTA AL POR MAYOR DE PRODUCTOS FARMACÉUTICOS Y MEDICINALES,5262,Marketplaces,5262
464907,VENTA AL POR MAYOR DE PRODUCTOS FARMACÉUTICOS Y MEDICINALES,5300,Clubes Mayoristas,5300
464908,VENTA AL POR MAYOR DE INSTRUMENTOS CIENTÍFICOS Y QUIRÚRGICOS,5047,"Equipos y suministros médicos, dentales, oftalmológicos y hospitalarios.",5047
464908,VENTA AL POR MAYOR DE INSTRUMENTOS CIENTÍFICOS Y QUIRÚRGICOS,5262,Marketplaces,5262
464908,VENTA AL POR MAYOR DE INSTRUMENTOS CIENTÍFICOS Y QUIRÚRGICOS,5300,Clubes Mayoristas,5300
464909,VENTA AL POR MAYOR DE OTROS ENSERES DOMÉSTICOS N.C.P.,5262,Marketplaces,5262
464909,VENTA AL POR MAYOR DE OTROS ENSERES DOMÉSTICOS N.C.P.,5300,Clubes Mayoristas,5300
464909,VENTA AL POR MAYOR DE OTROS ENSERES DOMÉSTICOS N.C.P.,5719,Tiendas especializadas en muebles para el hogar varios,5719
465100,"VENTA AL POR MAYOR DE COMPUTADORES, EQUIPO PERIFÉRICO Y PROGRAMAS INFORMÁTICOS",5045,"Computadoras, Equipos Periféricos De Computadora, Software",5045
465100,"VENTA AL POR MAYOR DE COMPUTADORES, EQUIPO PERIFÉRICO Y PROGRAMAS INFORMÁTICOS",5262,Marketplaces,5262
465100,"VENTA AL POR MAYOR DE COMPUTADORES, EQUIPO PERIFÉRICO Y PROGRAMAS INFORMÁTICOS",5300,Clubes Mayoristas,5300
465200,"VENTA AL POR MAYOR DE EQUIPO, PARTES Y PIEZAS ELECTRÓNICOS Y DE TELECOMUNICACIONES",4812,"Equipos de telecomunicaciones, incluida la venta de teléfonos.",4812
465200,"VENTA AL POR MAYOR DE EQUIPO, PARTES Y PIEZAS ELECTRÓNICOS Y DE TELECOMUNICACIONES",5065,Piezas y equipos eléctricos,5065
465200,"VENTA AL POR MAYOR DE EQUIPO, PARTES Y PIEZAS ELECTRÓNICOS Y DE TELECOMUNICACIONES",5262,Marketplaces,5262
465200,"VENTA AL POR MAYOR DE EQUIPO, PARTES Y PIEZAS ELECTRÓNICOS Y DE TELECOMUNICACIONES",5300,Clubes Mayoristas,5300
465300,"VENTA AL POR MAYOR DE MAQUINARIA, EQUIPO Y MATERIALES AGROPECUARIOS",5046,"Equipo comercial, no clasificado en otra parte",5046
465300,"VENTA AL POR MAYOR DE MAQUINARIA, EQUIPO Y MATERIALES AGROPECUARIOS",5046,"Equipo comercial, no clasificado en otra parte",5046
465300,"VENTA AL POR MAYOR DE MAQUINARIA, EQUIPO Y MATERIALES AGROPECUARIOS",5262,Marketplaces,5262
465300,"VENTA AL POR MAYOR DE MAQUINARIA, EQUIPO Y MATERIALES AGROPECUARIOS",5300,Clubes Mayoristas,5300
465901,"VENTA AL POR MAYOR DE MAQUINARIA METALÚRGICA, PARA LA MINERÍA, EXTRACCIÓN DE PETRÓLEO Y CONSTRUCCIÓN",5046,"Equipo comercial, no clasificado en otra parte",5046
465901,"VENTA AL POR MAYOR DE MAQUINARIA METALÚRGICA, PARA LA MINERÍA, EXTRACCIÓN DE PETRÓLEO Y CONSTRUCCIÓN",5051,Centros y Oficinas de Servicio de Metales,5051
465901,"VENTA AL POR MAYOR DE MAQUINARIA METALÚRGICA, PARA LA MINERÍA, EXTRACCIÓN DE PETRÓLEO Y CONSTRUCCIÓN",5262,Marketplaces,5262
465901,"VENTA AL POR MAYOR DE MAQUINARIA METALÚRGICA, PARA LA MINERÍA, EXTRACCIÓN DE PETRÓLEO Y CONSTRUCCIÓN",5300,Clubes Mayoristas,5300
465902,"VENTA AL POR MAYOR DE MAQUINARIA PARA LA ELABORACIÓN DE ALIMENTOS, BEBIDAS Y TABACO",5046,"Equipo comercial, no clasificado en otra parte",5046
465902,"VENTA AL POR MAYOR DE MAQUINARIA PARA LA ELABORACIÓN DE ALIMENTOS, BEBIDAS Y TABACO",5262,Marketplaces,5262
465902,"VENTA AL POR MAYOR DE MAQUINARIA PARA LA ELABORACIÓN DE ALIMENTOS, BEBIDAS Y TABACO",5300,Clubes Mayoristas,5300
465903,"VENTA AL POR MAYOR DE MAQUINARIA PARA LA INDUSTRIA TEXTIL, DEL CUERO Y DEL CALZADO",5046,"Equipo comercial, no clasificado en otra parte",5046
465903,"VENTA AL POR MAYOR DE MAQUINARIA PARA LA INDUSTRIA TEXTIL, DEL CUERO Y DEL CALZADO",5262,Marketplaces,5262
465903,"VENTA AL POR MAYOR DE MAQUINARIA PARA LA INDUSTRIA TEXTIL, DEL CUERO Y DEL CALZADO",5300,Clubes Mayoristas,5300
465904,VENTA AL POR MAYOR DE MAQUINARIA Y EQUIPO DE OFICINA; VENTA AL POR MAYOR DE MUEBLES DE OFICINA,5021,Mobiliario de oficina y comercial,5021
465904,VENTA AL POR MAYOR DE MAQUINARIA Y EQUIPO DE OFICINA; VENTA AL POR MAYOR DE MUEBLES DE OFICINA,5044,"Equipos de oficina, fotográficos, fotocopiadores y microfilmes.",5044
465904,VENTA AL POR MAYOR DE MAQUINARIA Y EQUIPO DE OFICINA; VENTA AL POR MAYOR DE MUEBLES DE OFICINA,5046,"Equipo comercial, no clasificado en otra parte",5046
465904,VENTA AL POR MAYOR DE MAQUINARIA Y EQUIPO DE OFICINA; VENTA AL POR MAYOR DE MUEBLES DE OFICINA,5262,Marketplaces,5262
465904,VENTA AL POR MAYOR DE MAQUINARIA Y EQUIPO DE OFICINA; VENTA AL POR MAYOR DE MUEBLES DE OFICINA,5300,Clubes Mayoristas,5300
465905,"VENTA AL POR MAYOR DE EQUIPO DE TRANSPORTE(EXCEPTO VEHÍCULOS AUTOMOTORES, MOTOCICLETAS Y BICICLETAS)",5046,"Equipo comercial, no clasificado en otra parte",5046
465905,"VENTA AL POR MAYOR DE EQUIPO DE TRANSPORTE(EXCEPTO VEHÍCULOS AUTOMOTORES, MOTOCICLETAS Y BICICLETAS)",5262,Marketplaces,5262
465905,"VENTA AL POR MAYOR DE EQUIPO DE TRANSPORTE(EXCEPTO VEHÍCULOS AUTOMOTORES, MOTOCICLETAS Y BICICLETAS)",5300,Clubes Mayoristas,5300
465909,VENTA AL POR MAYOR DE OTROS TIPOS DE MAQUINARIA Y EQUIPO N.C.P.,5046,"Equipo comercial, no clasificado en otra parte",5046
465909,VENTA AL POR MAYOR DE OTROS TIPOS DE MAQUINARIA Y EQUIPO N.C.P.,5262,Marketplaces,5262
465909,VENTA AL POR MAYOR DE OTROS TIPOS DE MAQUINARIA Y EQUIPO N.C.P.,5300,Clubes Mayoristas,5300
466100,"VENTA AL POR MAYOR DE COMBUSTIBLES SÓLIDOS, LÍQUIDOS Y GASEOSOS Y PRODUCTOS CONEXOS",5262,Marketplaces,5262
466100,"VENTA AL POR MAYOR DE COMBUSTIBLES SÓLIDOS, LÍQUIDOS Y GASEOSOS Y PRODUCTOS CONEXOS",5300,Clubes Mayoristas,5300
466100,"VENTA AL POR MAYOR DE COMBUSTIBLES SÓLIDOS, LÍQUIDOS Y GASEOSOS Y PRODUCTOS CONEXOS",5983,"Combustible: fueloil, madera, carbón, petróleo licuado",5983
466200,VENTA AL POR MAYOR DE METALES Y MINERALES METALÍFEROS,5051,Centros y Oficinas de Servicio de Metales,5051
466200,VENTA AL POR MAYOR DE METALES Y MINERALES METALÍFEROS,5262,Marketplaces,5262
466200,VENTA AL POR MAYOR DE METALES Y MINERALES METALÍFEROS,5300,Clubes Mayoristas,5300
466301,VENTA AL POR MAYOR DE MADERA EN BRUTO Y PRODUCTOS PRIMARIOS DE LA ELABORACIÓN DE MADERA,5211,Tiendas de madera y materiales de construcción,5211
466301,VENTA AL POR MAYOR DE MADERA EN BRUTO Y PRODUCTOS PRIMARIOS DE LA ELABORACIÓN DE MADERA,5262,Marketplaces,5262
466301,VENTA AL POR MAYOR DE MADERA EN BRUTO Y PRODUCTOS PRIMARIOS DE LA ELABORACIÓN DE MADERA,5300,Clubes Mayoristas,5300
466302,"VENTA AL POR MAYOR DE MATERIALES DE CONSTRUCCIÓN, ARTÍCULOS DE FERRETERÍA, GASFITERÍA Y CALEFACCIÓN",5039,"Materiales de construcción, no clasificados en otra parte",5039
466302,"VENTA AL POR MAYOR DE MATERIALES DE CONSTRUCCIÓN, ARTÍCULOS DE FERRETERÍA, GASFITERÍA Y CALEFACCIÓN",5074,Equipos y Suministros de Plomería y Calefacción,5074
466302,"VENTA AL POR MAYOR DE MATERIALES DE CONSTRUCCIÓN, ARTÍCULOS DE FERRETERÍA, GASFITERÍA Y CALEFACCIÓN",5211,Tiendas de madera y materiales de construcción,5211
466302,"VENTA AL POR MAYOR DE MATERIALES DE CONSTRUCCIÓN, ARTÍCULOS DE FERRETERÍA, GASFITERÍA Y CALEFACCIÓN",5251,Ferreterías,5251
466302,"VENTA AL POR MAYOR DE MATERIALES DE CONSTRUCCIÓN, ARTÍCULOS DE FERRETERÍA, GASFITERÍA Y CALEFACCIÓN",5262,Marketplaces,5262
466302,"VENTA AL POR MAYOR DE MATERIALES DE CONSTRUCCIÓN, ARTÍCULOS DE FERRETERÍA, GASFITERÍA Y CALEFACCIÓN",5300,Clubes Mayoristas,5300
466901,VENTA AL POR MAYOR DE PRODUCTOS QUÍMICOS,5169,"Productos químicos y productos afines, no clasificados en otra parte",5169
466901,VENTA AL POR MAYOR DE PRODUCTOS QUÍMICOS,5262,Marketplaces,5262
466901,VENTA AL POR MAYOR DE PRODUCTOS QUÍMICOS,5300,Clubes Mayoristas,5300
466902,VENTA AL POR MAYOR DE DESECHOS METÁLICOS (CHATARRA),5051,Centros y Oficinas de Servicio de Metales,5051
466902,VENTA AL POR MAYOR DE DESECHOS METÁLICOS (CHATARRA),5262,Marketplaces,5262
466902,VENTA AL POR MAYOR DE DESECHOS METÁLICOS (CHATARRA),5300,Clubes Mayoristas,5300
466909,"VENTA AL POR MAYOR DE DESPERDICIOS, DESECHOS Y OTROS PRODUCTOS N.C.P.",5169,"Productos químicos y productos afines, no clasificados en otra parte",5169
466909,"VENTA AL POR MAYOR DE DESPERDICIOS, DESECHOS Y OTROS PRODUCTOS N.C.P.",5300,Clubes Mayoristas,5300
469000,VENTA AL POR MAYOR NO ESPECIALIZADA,5300,Clubes Mayoristas,5300
471100,"VENTA AL POR MENOR EN COMERCIOS DE ALIMENTOS, BEBIDAS O TABACO (SUPERMERCADOS E HIPERMERCADOS)",5262,Marketplaces,5262
471100,"VENTA AL POR MENOR EN COMERCIOS DE ALIMENTOS, BEBIDAS O TABACO (SUPERMERCADOS E HIPERMERCADOS)",5399,Varios. Mercancía General,5399
471100,"VENTA AL POR MENOR EN COMERCIOS DE ALIMENTOS, BEBIDAS O TABACO (SUPERMERCADOS E HIPERMERCADOS)",5499,Varios. Tiendas de alimentos: tiendas de conveniencia y mercados especializados,5499
471100,"VENTA AL POR MENOR EN COMERCIOS DE ALIMENTOS, BEBIDAS O TABACO (SUPERMERCADOS E HIPERMERCADOS)",5993,Estancos y puestos de tabaco,5993
471910,VENTA AL POR MENOR EN COMERCIOS DE VESTUARIO Y PRODUCTOS PARA EL HOGAR (GRANDES TIENDAS),5200,Tiendas de almacenes de suministros para el hogar,5200
471910,VENTA AL POR MENOR EN COMERCIOS DE VESTUARIO Y PRODUCTOS PARA EL HOGAR (GRANDES TIENDAS),5200,Tiendas de almacenes de suministros para el hogar,5200
471910,VENTA AL POR MENOR EN COMERCIOS DE VESTUARIO Y PRODUCTOS PARA EL HOGAR (GRANDES TIENDAS),5262,Marketplaces,5262
471910,VENTA AL POR MENOR EN COMERCIOS DE VESTUARIO Y PRODUCTOS PARA EL HOGAR (GRANDES TIENDAS),5399,Varios. Mercancía General,5399
471910,VENTA AL POR MENOR EN COMERCIOS DE VESTUARIO Y PRODUCTOS PARA EL HOGAR (GRANDES TIENDAS),5611,Tiendas de ropa y complementos para hombre y niño,5611
471910,VENTA AL POR MENOR EN COMERCIOS DE VESTUARIO Y PRODUCTOS PARA EL HOGAR (GRANDES TIENDAS),5641,Tiendas de ropa para niños y bebés,5641
471910,VENTA AL POR MENOR EN COMERCIOS DE VESTUARIO Y PRODUCTOS PARA EL HOGAR (GRANDES TIENDAS),5651,Tiendas de ropa familiar,5651
471910,VENTA AL POR MENOR EN COMERCIOS DE VESTUARIO Y PRODUCTOS PARA EL HOGAR (GRANDES TIENDAS),5655,"Ropa deportiva, Tiendas de ropa para montar",5655
471910,VENTA AL POR MENOR EN COMERCIOS DE VESTUARIO Y PRODUCTOS PARA EL HOGAR (GRANDES TIENDAS),5691,Tiendas de ropa para hombres y mujeres,5691
471910,VENTA AL POR MENOR EN COMERCIOS DE VESTUARIO Y PRODUCTOS PARA EL HOGAR (GRANDES TIENDAS),5699,Tiendas de ropa y accesorios varios,5699
471910,VENTA AL POR MENOR EN COMERCIOS DE VESTUARIO Y PRODUCTOS PARA EL HOGAR (GRANDES TIENDAS),5719,Tiendas especializadas en muebles para el hogar varios,5719
471990,OTRAS ACTIVIDADES DE VENTA AL POR MENOR EN COMERCIOS NO ESPECIALIZADOS N.C.P.,5399,Varios. Mercancía General,5399
471990,OTRAS ACTIVIDADES DE VENTA AL POR MENOR EN COMERCIOS NO ESPECIALIZADOS N.C.P.,5499,Varios. Tiendas de alimentos: tiendas de conveniencia y mercados especializados,5499
471990,OTRAS ACTIVIDADES DE VENTA AL POR MENOR EN COMERCIOS NO ESPECIALIZADOS N.C.P.,5999,Tiendas minoristas diversas y especializadas,5999
472101,VENTA AL POR MENOR DE ALIMENTOS EN COMERCIOS ESPECIALIZADOS (ALMACENES PEQUEÑOS Y MINIMARKET),5200,Tiendas de almacenes de suministros para el hogar,5200
472101,VENTA AL POR MENOR DE ALIMENTOS EN COMERCIOS ESPECIALIZADOS (ALMACENES PEQUEÑOS Y MINIMARKET),5399,Varios. Mercancía General,5399
472101,VENTA AL POR MENOR DE ALIMENTOS EN COMERCIOS ESPECIALIZADOS (ALMACENES PEQUEÑOS Y MINIMARKET),5411,"Tiendas de comestibles, Supermercados",5411
472101,VENTA AL POR MENOR DE ALIMENTOS EN COMERCIOS ESPECIALIZADOS (ALMACENES PEQUEÑOS Y MINIMARKET),5499,Varios. Tiendas de alimentos: tiendas de conveniencia y mercados especializados,5499
472102,VENTA AL POR MENOR EN COMERCIOS ESPECIALIZADOS DE CARNE Y PRODUCTOS CÁRNICOS,5499,Varios. Tiendas de alimentos: tiendas de conveniencia y mercados especializados,5499
472102,VENTA AL POR MENOR EN COMERCIOS ESPECIALIZADOS DE CARNE Y PRODUCTOS CÁRNICOS,5999,Tiendas minoristas diversas y especializadas,5999
472103,VENTA AL POR MENOR EN COMERCIOS ESPECIALIZADOS DE FRUTAS Y VERDURAS (VERDULERÍAS),5499,Varios. Tiendas de alimentos: tiendas de conveniencia y mercados especializados,5499
472103,VENTA AL POR MENOR EN COMERCIOS ESPECIALIZADOS DE FRUTAS Y VERDURAS (VERDULERÍAS),5999,Tiendas minoristas diversas y especializadas,5999
472104,"VENTA AL POR MENOR EN COMERCIOS ESPECIALIZADOS DE PESCADO, MARISCOS Y PRODUCTOS CONEXOS",5200,Tiendas de almacenes de suministros para el hogar,5200
472104,"VENTA AL POR MENOR EN COMERCIOS ESPECIALIZADOS DE PESCADO, MARISCOS Y PRODUCTOS CONEXOS",5200,Tiendas de almacenes de suministros para el hogar,5200
472104,"VENTA AL POR MENOR EN COMERCIOS ESPECIALIZADOS DE PESCADO, MARISCOS Y PRODUCTOS CONEXOS",5499,Varios. Tiendas de alimentos: tiendas de conveniencia y mercados especializados,5499
472104,"VENTA AL POR MENOR EN COMERCIOS ESPECIALIZADOS DE PESCADO, MARISCOS Y PRODUCTOS CONEXOS",5499,Varios. Tiendas de alimentos: tiendas de conveniencia y mercados especializados,5499
472104,"VENTA AL POR MENOR EN COMERCIOS ESPECIALIZADOS DE PESCADO, MARISCOS Y PRODUCTOS CONEXOS",5999,Tiendas minoristas diversas y especializadas,5999
472104,"VENTA AL POR MENOR EN COMERCIOS ESPECIALIZADOS DE PESCADO, MARISCOS Y PRODUCTOS CONEXOS",5999,Tiendas minoristas diversas y especializadas,5999
472105,VENTA AL POR MENOR EN COMERCIOS ESPECIALIZADOS DE PRODUCTOS DE PANADERÍA Y PASTELERÍA,5462,Panaderías,5462
472105,VENTA AL POR MENOR EN COMERCIOS ESPECIALIZADOS DE PRODUCTOS DE PANADERÍA Y PASTELERÍA,5499,Varios. Tiendas de alimentos: tiendas de conveniencia y mercados especializados,5499
472105,VENTA AL POR MENOR EN COMERCIOS ESPECIALIZADOS DE PRODUCTOS DE PANADERÍA Y PASTELERÍA,5999,Tiendas minoristas diversas y especializadas,5999
472109,"VENTA AL POR MENOR EN COMERCIOS ESPECIALIZADOS DE HUEVOS, CONFITES Y PRODUCTOS ALIMENTICIOS N.C.P.",5441,"Tiendas de dulces, nueces y confitería",5441
472109,"VENTA AL POR MENOR EN COMERCIOS ESPECIALIZADOS DE HUEVOS, CONFITES Y PRODUCTOS ALIMENTICIOS N.C.P.",5499,Varios. Tiendas de alimentos: tiendas de conveniencia y mercados especializados,5499
472109,"VENTA AL POR MENOR EN COMERCIOS ESPECIALIZADOS DE HUEVOS, CONFITES Y PRODUCTOS ALIMENTICIOS N.C.P.",5999,Tiendas minoristas diversas y especializadas,5999
472200,VENTA AL POR MENOR DE BEBIDAS ALCOHÓLICAS Y NO ALCOHÓLICAS EN COMERCIOS ESPECIALIZADOS (BOTILLERÍAS),5262,Marketplaces,5262
472200,VENTA AL POR MENOR DE BEBIDAS ALCOHÓLICAS Y NO ALCOHÓLICAS EN COMERCIOS ESPECIALIZADOS (BOTILLERÍAS),5499,Varios. Tiendas de alimentos: tiendas de conveniencia y mercados especializados,5499
472200,VENTA AL POR MENOR DE BEBIDAS ALCOHÓLICAS Y NO ALCOHÓLICAS EN COMERCIOS ESPECIALIZADOS (BOTILLERÍAS),5921,"Tiendas de paquetes: cerveza, vino y licores",5921
472200,VENTA AL POR MENOR DE BEBIDAS ALCOHÓLICAS Y NO ALCOHÓLICAS EN COMERCIOS ESPECIALIZADOS (BOTILLERÍAS),5999,Tiendas minoristas diversas y especializadas,5999
472300,VENTA AL POR MENOR DE TABACO Y PRODUCTOS DE TABACO EN COMERCIOS ESPECIALIZADOS,5993,Estancos y puestos de tabaco,5993
472300,VENTA AL POR MENOR DE TABACO Y PRODUCTOS DE TABACO EN COMERCIOS ESPECIALIZADOS,5999,Tiendas minoristas diversas y especializadas,5999
473000,VENTA AL POR MENOR DE COMBUSTIBLES PARA VEHÍCULOS AUTOMOTORES EN COMERCIOS ESPECIALIZADOS,5172,Petróleo y productos derivados del petróleo,5172
473000,VENTA AL POR MENOR DE COMBUSTIBLES PARA VEHÍCULOS AUTOMOTORES EN COMERCIOS ESPECIALIZADOS,5541,Estaciones de Servicio (con o sin servicios auxiliares),5541
473000,VENTA AL POR MENOR DE COMBUSTIBLES PARA VEHÍCULOS AUTOMOTORES EN COMERCIOS ESPECIALIZADOS,5542,Dispensadores de combustible automatizados,5542
473000,VENTA AL POR MENOR DE COMBUSTIBLES PARA VEHÍCULOS AUTOMOTORES EN COMERCIOS ESPECIALIZADOS,5983,"Combustible: fueloil, madera, carbón, petróleo licuado",5983
474100,"VENTA AL POR MENOR DE COMPUTADORES, EQUIPO PERIFÉRICO, PROGRAMAS INFORMÁTICOS Y EQUIPO DE TELECOM.",4812,"Equipos de telecomunicaciones, incluida la venta de teléfonos.",4812
474100,"VENTA AL POR MENOR DE COMPUTADORES, EQUIPO PERIFÉRICO, PROGRAMAS INFORMÁTICOS Y EQUIPO DE TELECOM.",5044,"Equipos de oficina, fotográficos, fotocopiadores y microfilmes.",5044
474100,"VENTA AL POR MENOR DE COMPUTADORES, EQUIPO PERIFÉRICO, PROGRAMAS INFORMÁTICOS Y EQUIPO DE TELECOM.",5045,"Computadoras, Equipos Periféricos De Computadora, Software",5045
474100,"VENTA AL POR MENOR DE COMPUTADORES, EQUIPO PERIFÉRICO, PROGRAMAS INFORMÁTICOS Y EQUIPO DE TELECOM.",5072,Equipos y suministros de hardware,5072
474200,VENTA AL POR MENOR DE EQUIPO DE SONIDO Y DE VIDEO EN COMERCIOS ESPECIALIZADOS,5372,"Para los comerciantes que venden equipos de cámara y video además de una variedad de otros equipos electrónicos tales como VCR, televisores y estéreos",5372
474200,VENTA AL POR MENOR DE EQUIPO DE SONIDO Y DE VIDEO EN COMERCIOS ESPECIALIZADOS,5733,"Tiendas de música, Instrumentos musicales, Partituras para piano",5733
474200,VENTA AL POR MENOR DE EQUIPO DE SONIDO Y DE VIDEO EN COMERCIOS ESPECIALIZADOS,5999,Tiendas minoristas diversas y especializadas,5999
475100,"VENTA AL POR MENOR DE TELAS, LANAS, HILOS Y SIMILARES EN COMERCIOS ESPECIALIZADOS",5949,"Tiendas de artículos de costura, agujas, telas y precios",5949
475100,"VENTA AL POR MENOR DE TELAS, LANAS, HILOS Y SIMILARES EN COMERCIOS ESPECIALIZADOS",5999,Tiendas minoristas diversas y especializadas,5999
475201,VENTA AL POR MENOR DE ARTÍCULOS DE FERRETERÍA Y MATERIALES DE CONSTRUCCIÓN,5039,"Materiales de construcción, no clasificados en otra parte",5039
475201,VENTA AL POR MENOR DE ARTÍCULOS DE FERRETERÍA Y MATERIALES DE CONSTRUCCIÓN,5211,Tiendas de madera y materiales de construcción,5211
475201,VENTA AL POR MENOR DE ARTÍCULOS DE FERRETERÍA Y MATERIALES DE CONSTRUCCIÓN,5251,Ferreterías,5251
475201,VENTA AL POR MENOR DE ARTÍCULOS DE FERRETERÍA Y MATERIALES DE CONSTRUCCIÓN,5999,Tiendas minoristas diversas y especializadas,5999
475202,"VENTA AL POR MENOR DE PINTURAS, BARNICES Y LACAS EN COMERCIOS ESPECIALIZADOS",5198,"Pinturas, barnices y suministros",5198
475202,"VENTA AL POR MENOR DE PINTURAS, BARNICES Y LACAS EN COMERCIOS ESPECIALIZADOS",5231,"Tiendas de vidrio, pintura y papel tapiz",5231
475202,"VENTA AL POR MENOR DE PINTURAS, BARNICES Y LACAS EN COMERCIOS ESPECIALIZADOS",5251,Ferreterías,5251
475202,"VENTA AL POR MENOR DE PINTURAS, BARNICES Y LACAS EN COMERCIOS ESPECIALIZADOS",5999,Tiendas minoristas diversas y especializadas,5999
475203,VENTA AL POR MENOR DE PRODUCTOS DE VIDRIO EN COMERCIOS ESPECIALIZADOS,5231,"Tiendas de vidrio, pintura y papel tapiz",5231
475203,VENTA AL POR MENOR DE PRODUCTOS DE VIDRIO EN COMERCIOS ESPECIALIZADOS,5999,Tiendas minoristas diversas y especializadas,5999
475300,"VENTA AL POR MENOR DE TAPICES, ALFOMBRAS Y CUBRIMIENTOS PARA PAREDES Y PISOS",5714,"Tiendas de cortinas, revestimientos de ventanas y tapicería",5714
475300,"VENTA AL POR MENOR DE TAPICES, ALFOMBRAS Y CUBRIMIENTOS PARA PAREDES Y PISOS",5999,Tiendas minoristas diversas y especializadas,5999
475901,VENTA AL POR MENOR DE MUEBLES Y COLCHONES EN COMERCIOS ESPECIALIZADOS,5712,"Tiendas de muebles, muebles para el hogar y equipos, excepto electrodomésticos",5712
475901,VENTA AL POR MENOR DE MUEBLES Y COLCHONES EN COMERCIOS ESPECIALIZADOS,5719,Tiendas especializadas en muebles para el hogar varios,5719
475901,VENTA AL POR MENOR DE MUEBLES Y COLCHONES EN COMERCIOS ESPECIALIZADOS,5999,Tiendas minoristas diversas y especializadas,5999
475902,VENTA AL POR MENOR DE INSTRUMENTOS MUSICALES EN COMERCIOS ESPECIALIZADOS,5733,"Tiendas de música, Instrumentos musicales, Partituras para piano",5733
475902,VENTA AL POR MENOR DE INSTRUMENTOS MUSICALES EN COMERCIOS ESPECIALIZADOS,5999,Tiendas minoristas diversas y especializadas,5999
475909,"VENTA AL POR MENOR DE APARATOS ELÉCTRICOS, TEXTILES PARA EL HOGAR Y OTROS ENSERES DOMÉSTICOS N.C.P.",5719,Tiendas especializadas en muebles para el hogar varios,5719
475909,"VENTA AL POR MENOR DE APARATOS ELÉCTRICOS, TEXTILES PARA EL HOGAR Y OTROS ENSERES DOMÉSTICOS N.C.P.",5999,Tiendas minoristas diversas y especializadas,5999
476101,VENTA AL POR MENOR DE LIBROS EN COMERCIOS ESPECIALIZADOS,5192,"Libros, publicaciones periódicas y periódicos",5192
476101,VENTA AL POR MENOR DE LIBROS EN COMERCIOS ESPECIALIZADOS,5942,Librerías,5942
476101,VENTA AL POR MENOR DE LIBROS EN COMERCIOS ESPECIALIZADOS,5999,Tiendas minoristas diversas y especializadas,5999
476102,VENTA AL POR MENOR DE DIARIOS Y REVISTAS EN COMERCIOS ESPECIALIZADOS,5192,"Libros, publicaciones periódicas y periódicos",5192
476102,VENTA AL POR MENOR DE DIARIOS Y REVISTAS EN COMERCIOS ESPECIALIZADOS,5999,Tiendas minoristas diversas y especializadas,5999
476103,VENTA AL POR MENOR DE ARTÍCULOS DE PAPELERÍA Y ESCRITORIO EN COMERCIOS ESPECIALIZADOS,5111,"Papelería, Material de oficina, Papel de impresión y para escribir",5111
476103,VENTA AL POR MENOR DE ARTÍCULOS DE PAPELERÍA Y ESCRITORIO EN COMERCIOS ESPECIALIZADOS,5943,"Papelerías, Tiendas de útiles escolares y de oficina",5943
476103,VENTA AL POR MENOR DE ARTÍCULOS DE PAPELERÍA Y ESCRITORIO EN COMERCIOS ESPECIALIZADOS,5999,Tiendas minoristas diversas y especializadas,5999
476200,VENTA AL POR MENOR DE GRABACIONES DE MÚSICA Y DE VIDEO EN COMERCIOS ESPECIALIZADOS,5733,"Tiendas de música, Instrumentos musicales, Partituras para piano",5733
476200,VENTA AL POR MENOR DE GRABACIONES DE MÚSICA Y DE VIDEO EN COMERCIOS ESPECIALIZADOS,5735,Tiendas de discos,5735
476200,VENTA AL POR MENOR DE GRABACIONES DE MÚSICA Y DE VIDEO EN COMERCIOS ESPECIALIZADOS,5999,Tiendas minoristas diversas y especializadas,5999
476301,VENTA AL POR MENOR DE ARTÍCULOS DE CAZA Y PESCA EN COMERCIOS ESPECIALIZADOS,5999,Tiendas minoristas diversas y especializadas,5999
476302,VENTA AL POR MENOR DE BICICLETAS Y SUS REPUESTOS EN COMERCIOS ESPECIALIZADOS,5940,Tiendas de bicicletas – Ventas y servicio,5940
476302,VENTA AL POR MENOR DE BICICLETAS Y SUS REPUESTOS EN COMERCIOS ESPECIALIZADOS,5999,Tiendas minoristas diversas y especializadas,5999
476309,VENTA AL POR MENOR DE OTROS ARTÍCULOS Y EQUIPOS DE DEPORTE N.C.P.,5655,"Ropa deportiva, Tiendas de ropa para montar",5655
476309,VENTA AL POR MENOR DE OTROS ARTÍCULOS Y EQUIPOS DE DEPORTE N.C.P.,5941,Tiendas de artículos deportivos,5941
476400,VENTA AL POR MENOR DE JUEGOS Y JUGUETES EN COMERCIOS ESPECIALIZADOS,5945,"Tiendas de pasatiempos, juguetes y juegos",5945
476400,VENTA AL POR MENOR DE JUEGOS Y JUGUETES EN COMERCIOS ESPECIALIZADOS,5999,Tiendas minoristas diversas y especializadas,5999
477101,VENTA AL POR MENOR DE CALZADO EN COMERCIOS ESPECIALIZADOS,5139,Calzado Comercial,5139
477101,VENTA AL POR MENOR DE CALZADO EN COMERCIOS ESPECIALIZADOS,5661,Zapaterías,5661
477101,VENTA AL POR MENOR DE CALZADO EN COMERCIOS ESPECIALIZADOS,5999,Tiendas minoristas diversas y especializadas,5999
477102,VENTA AL POR MENOR DE PRENDAS Y ACCESORIOS DE VESTIR EN COMERCIOS ESPECIALIZADOS,5137,"Uniformes y ropa comercial para hombres, mujeres y niños.",5137
477102,VENTA AL POR MENOR DE PRENDAS Y ACCESORIOS DE VESTIR EN COMERCIOS ESPECIALIZADOS,5611,Tiendas de ropa y complementos para hombre y niño,5611
477102,VENTA AL POR MENOR DE PRENDAS Y ACCESORIOS DE VESTIR EN COMERCIOS ESPECIALIZADOS,5641,Tiendas de ropa para niños y bebés,5641
477102,VENTA AL POR MENOR DE PRENDAS Y ACCESORIOS DE VESTIR EN COMERCIOS ESPECIALIZADOS,5651,Tiendas de ropa familiar,5651
477102,VENTA AL POR MENOR DE PRENDAS Y ACCESORIOS DE VESTIR EN COMERCIOS ESPECIALIZADOS,5655,"Ropa deportiva, Tiendas de ropa para montar",5655
477102,VENTA AL POR MENOR DE PRENDAS Y ACCESORIOS DE VESTIR EN COMERCIOS ESPECIALIZADOS,5691,Tiendas de ropa para hombres y mujeres,5691
477102,VENTA AL POR MENOR DE PRENDAS Y ACCESORIOS DE VESTIR EN COMERCIOS ESPECIALIZADOS,5699,Tiendas de ropa y accesorios varios,5699
477102,VENTA AL POR MENOR DE PRENDAS Y ACCESORIOS DE VESTIR EN COMERCIOS ESPECIALIZADOS,5999,Tiendas minoristas diversas y especializadas,5999
477102,VENTA AL POR MENOR DE PRENDAS Y ACCESORIOS DE VESTIR EN COMERCIOS ESPECIALIZADOS,5999,Tiendas minoristas diversas y especializadas,5999
477103,"VENTA AL POR MENOR DE CARTERAS, MALETAS Y OTROS ACCESORIOS DE VIAJE EN COMERCIOS ESPECIALIZADOS",5999,Tiendas minoristas diversas y especializadas,5999
477201,VENTA AL POR MENOR DE PRODUCTOS FARMACÉUTICOS Y MEDICINALES EN COMERCIOS ESPECIALIZADOS,2912,Droguerías y Farmacias,2912
477201,VENTA AL POR MENOR DE PRODUCTOS FARMACÉUTICOS Y MEDICINALES EN COMERCIOS ESPECIALIZADOS,5999,Tiendas minoristas diversas y especializadas,5999
477202,VENTA AL POR MENOR DE ARTÍCULOS ORTOPÉDICOS EN COMERCIOS ESPECIALIZADOS,5047,"Equipos y suministros médicos, dentales, oftalmológicos y hospitalarios.",5047
477202,VENTA AL POR MENOR DE ARTÍCULOS ORTOPÉDICOS EN COMERCIOS ESPECIALIZADOS,5999,Tiendas minoristas diversas y especializadas,5999
477203,"VENTA AL POR MENOR DE ARTÍCULOS DE PERFUMERÍA, DE TOCADOR Y COSMÉTICOS EN COMERCIOS ESPECIALIZADOS",2912,Droguerías y Farmacias,2912
477203,"VENTA AL POR MENOR DE ARTÍCULOS DE PERFUMERÍA, DE TOCADOR Y COSMÉTICOS EN COMERCIOS ESPECIALIZADOS",5999,Tiendas minoristas diversas y especializadas,5999
477310,VENTA AL POR MENOR DE GAS LICUADO EN BOMBONAS (CILINDROS) EN COMERCIOS ESPECIALIZADOS,5541,Estaciones de Servicio (con o sin servicios auxiliares),5541
477310,VENTA AL POR MENOR DE GAS LICUADO EN BOMBONAS (CILINDROS) EN COMERCIOS ESPECIALIZADOS,5983,"Combustible: fueloil, madera, carbón, petróleo licuado",5983
477391,VENTA AL POR MENOR DE ALIMENTO Y ACCESORIOS PARA MASCOTAS EN COMERCIOS ESPECIALIZADOS,5995,"Tiendas de mascotas, tiendas de alimentos y suministros para mascotas",5995
477391,VENTA AL POR MENOR DE ALIMENTO Y ACCESORIOS PARA MASCOTAS EN COMERCIOS ESPECIALIZADOS,5999,Tiendas minoristas diversas y especializadas,5999
477392,VENTA AL POR MENOR DE ARMAS Y MUNICIONES EN COMERCIOS ESPECIALIZADOS,5999,Tiendas minoristas diversas y especializadas,5999
477393,VENTA AL POR MENOR DE ARTÍCULOS ÓPTICOS EN COMERCIOS ESPECIALIZADOS,5999,Tiendas minoristas diversas y especializadas,5999
477393,VENTA AL POR MENOR DE ARTÍCULOS ÓPTICOS EN COMERCIOS ESPECIALIZADOS,8043,"Ópticas, Artículos de Óptica y Anteojos",8043
477394,"VENTA AL POR MENOR DE ARTÍCULOS DE JOYERÍA, BISUTERÍA Y RELOJERÍA EN COMERCIOS ESPECIALIZADOS",5094,"Piedras y metales preciosos, relojes y joyas",5094
477394,"VENTA AL POR MENOR DE ARTÍCULOS DE JOYERÍA, BISUTERÍA Y RELOJERÍA EN COMERCIOS ESPECIALIZADOS",5944,"Tiendas de relojería, joyerías y platería",5944
477394,"VENTA AL POR MENOR DE ARTÍCULOS DE JOYERÍA, BISUTERÍA Y RELOJERÍA EN COMERCIOS ESPECIALIZADOS",5999,Tiendas minoristas diversas y especializadas,5999
477395,"VENTA AL POR MENOR DE CARBÓN, LEÑA Y OTROS COMBUSTIBLES DE USO DOMÉSTICO EN COMERCIOS ESPECIALIZADOS",5542,Dispensadores de combustible automatizados,5542
477395,"VENTA AL POR MENOR DE CARBÓN, LEÑA Y OTROS COMBUSTIBLES DE USO DOMÉSTICO EN COMERCIOS ESPECIALIZADOS",5983,"Combustible: fueloil, madera, carbón, petróleo licuado",5983
477395,"VENTA AL POR MENOR DE CARBÓN, LEÑA Y OTROS COMBUSTIBLES DE USO DOMÉSTICO EN COMERCIOS ESPECIALIZADOS",5999,Tiendas minoristas diversas y especializadas,5999
477396,"VENTA AL POR MENOR DE RECUERDOS, ARTESANÍAS Y ARTÍCULOS RELIGIOSOS EN COMERCIOS ESPECIALIZADOS",5970,Tiendas de artesanía y suministros para artistas,5970
477396,"VENTA AL POR MENOR DE RECUERDOS, ARTESANÍAS Y ARTÍCULOS RELIGIOSOS EN COMERCIOS ESPECIALIZADOS",5999,Tiendas minoristas diversas y especializadas,5999
477397,"VENTA AL POR MENOR DE FLORES, PLANTAS, ARBOLES, SEMILLAS Y ABONOS EN COMERCIOS ESPECIALIZADOS",5261,Viveros - Tienda de suministros para césped y jardín,5261
477397,"VENTA AL POR MENOR DE FLORES, PLANTAS, ARBOLES, SEMILLAS Y ABONOS EN COMERCIOS ESPECIALIZADOS",5999,Tiendas minoristas diversas y especializadas,5999
477398,VENTA AL POR MENOR DE MASCOTAS EN COMERCIOS ESPECIALIZADOS,5995,"Tiendas de mascotas, tiendas de alimentos y suministros para mascotas",5995
477398,VENTA AL POR MENOR DE MASCOTAS EN COMERCIOS ESPECIALIZADOS,5999,Tiendas minoristas diversas y especializadas,5999
477399,VENTA AL POR MENOR DE OTROS PRODUCTOS EN COMERCIOS ESPECIALIZADOS N.C.P.,5411,"Tiendas de comestibles, Supermercados",5411
477399,VENTA AL POR MENOR DE OTROS PRODUCTOS EN COMERCIOS ESPECIALIZADOS N.C.P.,5999,Tiendas minoristas diversas y especializadas,5999
477401,VENTA AL POR MENOR DE ANTIGÜEDADES EN COMERCIOS,5832,"Tiendas de antigüedades – Servicios de venta, reparación y restauración",5832
477401,VENTA AL POR MENOR DE ANTIGÜEDADES EN COMERCIOS,5932,Tiendas de antigüedades,5932
477401,VENTA AL POR MENOR DE ANTIGÜEDADES EN COMERCIOS,5937,Reproducciones antiguas,5937
477402,VENTA AL POR MENOR DE ROPA USADA EN COMERCIOS,5931,Mercancía usada y tiendas de segunda mano,5931
477409,VENTA AL POR MENOR DE OTROS ARTÍCULOS DE SEGUNDA MANO EN COMERCIOS N.C.P.,5931,Mercancía usada y tiendas de segunda mano,5931
478100,"VENTA AL POR MENOR DE ALIMENTOS, BEBIDAS Y TABACO EN PUESTOS DE VENTA Y MERCADOS (INCLUYE FERIAS)",5499,Varios. Tiendas de alimentos: tiendas de conveniencia y mercados especializados,5499
478100,"VENTA AL POR MENOR DE ALIMENTOS, BEBIDAS Y TABACO EN PUESTOS DE VENTA Y MERCADOS (INCLUYE FERIAS)",5993,Estancos y puestos de tabaco,5993
478100,"VENTA AL POR MENOR DE ALIMENTOS, BEBIDAS Y TABACO EN PUESTOS DE VENTA Y MERCADOS (INCLUYE FERIAS)",5999,Tiendas minoristas diversas y especializadas,5999
478200,"VENTA AL POR MENOR DE PRODUCTOS TEXTILES, PRENDAS DE VESTIR Y CALZADO EN PUESTOS DE VENTA Y MERCADOS",5661,Zapaterías,5661
478200,"VENTA AL POR MENOR DE PRODUCTOS TEXTILES, PRENDAS DE VESTIR Y CALZADO EN PUESTOS DE VENTA Y MERCADOS",5699,Tiendas de ropa y accesorios varios,5699
478200,"VENTA AL POR MENOR DE PRODUCTOS TEXTILES, PRENDAS DE VESTIR Y CALZADO EN PUESTOS DE VENTA Y MERCADOS",5949,"Tiendas de artículos de costura, agujas, telas y precios",5949
478200,"VENTA AL POR MENOR DE PRODUCTOS TEXTILES, PRENDAS DE VESTIR Y CALZADO EN PUESTOS DE VENTA Y MERCADOS",5999,Tiendas minoristas diversas y especializadas,5999
478900,VENTA AL POR MENOR DE OTROS PRODUCTOS EN PUESTOS DE VENTA Y MERCADOS (INCLUYE FERIAS),5399,Varios. Mercancía General,5399
478900,VENTA AL POR MENOR DE OTROS PRODUCTOS EN PUESTOS DE VENTA Y MERCADOS (INCLUYE FERIAS),5999,Tiendas minoristas diversas y especializadas,5999
479100,"VENTA AL POR MENOR POR CORREO, POR INTERNET Y VÍA TELEFÓNICA",5732,Ventas Electrónicas,5732
479901,VENTA AL POR MENOR REALIZADA POR INDEPENDIENTES EN LA LOCOMOCIÓN COLECTIVA (LEY 20.388),4121,Taxis y Limusinas,4121
479902,VENTA AL POR MENOR MEDIANTE MAQUINAS EXPENDEDORAS,5499,Varios. Tiendas de alimentos: tiendas de conveniencia y mercados especializados,5499
479903,VENTA AL POR MENOR POR COMISIONISTAS (NO DEPENDIENTES DE COMERCIOS),6300,"Ventas, suscripción y primas de seguros",6300
479909,"OTRAS ACTIVIDADES DE VENTA POR MENOR NO REALIZADAS EN COMERCIOS, PUESTOS DE VENTA O MERCADOS N.C.P.",5399,Varios. Mercancía General,5399
479909,"OTRAS ACTIVIDADES DE VENTA POR MENOR NO REALIZADAS EN COMERCIOS, PUESTOS DE VENTA O MERCADOS N.C.P.",5732,Ventas Electrónicas,5732
491100,TRANSPORTE INTERURBANO DE PASAJEROS POR FERROCARRIL,4111,"Transporte de pasajeros local/suburbano: ferrocarriles, ferries y transporte acuático local.",4111
491100,TRANSPORTE INTERURBANO DE PASAJEROS POR FERROCARRIL,4112,Ferrocarriles de pasajeros,4112
491200,TRANSPORTE DE CARGA POR FERROCARRIL,4011,Ferrocarriles,4011
491200,TRANSPORTE DE CARGA POR FERROCARRIL,4789,"Servicios de transporte, no clasificados en otra parte)",4789
492110,TRANSPORTE URBANO Y SUBURBANO DE PASAJEROS VÍA METRO Y METROTREN,4111,"Transporte de pasajeros local/suburbano: ferrocarriles, ferries y transporte acuático local.",4111
492110,TRANSPORTE URBANO Y SUBURBANO DE PASAJEROS VÍA METRO Y METROTREN,4112,Ferrocarriles de pasajeros,4112
492120,TRANSPORTE URBANO Y SUBURBANO DE PASAJEROS VÍA LOCOMOCIÓN COLECTIVA,4121,Taxis y Limusinas,4121
492120,TRANSPORTE URBANO Y SUBURBANO DE PASAJEROS VÍA LOCOMOCIÓN COLECTIVA,4789,"Servicios de transporte, no clasificados en otra parte)",4789
492130,TRANSPORTE DE PASAJEROS VÍA TAXI COLECTIVO,4121,Taxis y Limusinas,4121
492130,TRANSPORTE DE PASAJEROS VÍA TAXI COLECTIVO,4789,"Servicios de transporte, no clasificados en otra parte)",4789
492190,OTRAS ACTIVIDADES DE TRANSPORTE URBANO Y SUBURBANO DE PASAJEROS POR VÍA TERRESTRE N.C.P.,4789,"Servicios de transporte, no clasificados en otra parte)",4789
492210,SERVICIOS DE TRANSPORTE DE ESCOLARES,4789,"Servicios de transporte, no clasificados en otra parte)",4789
492220,SERVICIOS DE TRANSPORTE DE TRABAJADORES,4789,"Servicios de transporte, no clasificados en otra parte)",4789
492230,SERVICIOS DE TRANSPORTE DE PASAJEROS EN TAXIS LIBRES Y RADIOTAXIS,4121,Taxis y Limusinas,4121
492240,SERVICIOS DE TRANSPORTE A TURISTAS,4789,"Servicios de transporte, no clasificados en otra parte)",4789
492240,SERVICIOS DE TRANSPORTE A TURISTAS,4789,"Servicios de transporte, no clasificados en otra parte)",4789
492250,TRANSPORTE DE PASAJEROS EN BUSES INTERURBANOS,4789,"Servicios de transporte, no clasificados en otra parte)",4789
492290,OTRAS ACTIVIDADES DE TRANSPORTE DE PASAJEROS POR VÍA TERRESTRE N.C.P.,4789,"Servicios de transporte, no clasificados en otra parte)",4789
492300,TRANSPORTE DE CARGA POR CARRETERA,4214,"Transportistas de carga, empresas de mudanzas y almacenamiento, transporte por carretera (local/larga distancia), servicios de entrega (local)",4214
493010,TRANSPORTE POR OLEODUCTOS,4789,"Servicios de transporte, no clasificados en otra parte)",4789
493020,TRANSPORTE POR GASODUCTOS,4789,"Servicios de transporte, no clasificados en otra parte)",4789
493090,OTRAS ACTIVIDADES DE TRANSPORTE POR TUBERÍAS N.C.P.,4789,"Servicios de transporte, no clasificados en otra parte)",4789
501100,TRANSPORTE DE PASAJEROS MARÍTIMO Y DE CABOTAJE,4111,"Transporte de pasajeros local/suburbano: ferrocarriles, ferries y transporte acuático local.",4111
501100,TRANSPORTE DE PASAJEROS MARÍTIMO Y DE CABOTAJE,4457,Alquiler y arrendamiento de embarcaciones,4457
501100,TRANSPORTE DE PASAJEROS MARÍTIMO Y DE CABOTAJE,4511,"Aerolíneas, transportistas aéreos (no enumerados en otra parte)",4511
501100,TRANSPORTE DE PASAJEROS MARÍTIMO Y DE CABOTAJE,4722,Agencias de viajes y operaciones turísticas,4722
501100,TRANSPORTE DE PASAJEROS MARÍTIMO Y DE CABOTAJE,4789,"Servicios de transporte, no clasificados en otra parte)",4789
501200,TRANSPORTE DE CARGA MARÍTIMO Y DE CABOTAJE,4214,"Transportistas de carga, empresas de mudanzas y almacenamiento, transporte por carretera (local/larga distancia), servicios de entrega (local)",4214
501200,TRANSPORTE DE CARGA MARÍTIMO Y DE CABOTAJE,4457,Alquiler y arrendamiento de embarcaciones,4457
501200,TRANSPORTE DE CARGA MARÍTIMO Y DE CABOTAJE,4468,"Puertos deportivos, servicios marítimos y suministros",4468
501200,TRANSPORTE DE CARGA MARÍTIMO Y DE CABOTAJE,4789,"Servicios de transporte, no clasificados en otra parte)",4789
502100,TRANSPORTE DE PASAJEROS POR VÍAS DE NAVEGACIÓN INTERIORES,4111,"Transporte de pasajeros local/suburbano: ferrocarriles, ferries y transporte acuático local.",4111
502100,TRANSPORTE DE PASAJEROS POR VÍAS DE NAVEGACIÓN INTERIORES,4457,Alquiler y arrendamiento de embarcaciones,4457
502100,TRANSPORTE DE PASAJEROS POR VÍAS DE NAVEGACIÓN INTERIORES,4722,Agencias de viajes y operaciones turísticas,4722
502100,TRANSPORTE DE PASAJEROS POR VÍAS DE NAVEGACIÓN INTERIORES,4789,"Servicios de transporte, no clasificados en otra parte)",4789
502200,TRANSPORTE DE CARGA POR VÍAS DE NAVEGACIÓN INTERIORES,4214,"Transportistas de carga, empresas de mudanzas y almacenamiento, transporte por carretera (local/larga distancia), servicios de entrega (local)",4214
502200,TRANSPORTE DE CARGA POR VÍAS DE NAVEGACIÓN INTERIORES,4457,Alquiler y arrendamiento de embarcaciones,4457
502200,TRANSPORTE DE CARGA POR VÍAS DE NAVEGACIÓN INTERIORES,4468,"Puertos deportivos, servicios marítimos y suministros",4468
502200,TRANSPORTE DE CARGA POR VÍAS DE NAVEGACIÓN INTERIORES,4789,"Servicios de transporte, no clasificados en otra parte)",4789
511000,TRANSPORTE DE PASAJEROS POR VÍA AÉREA,4511,"Aerolíneas, transportistas aéreos (no enumerados en otra parte)",4511
511000,TRANSPORTE DE PASAJEROS POR VÍA AÉREA,4582,"Aeropuertos, terminales de aeropuertos, campos de vuelo",4582
511000,TRANSPORTE DE PASAJEROS POR VÍA AÉREA,4722,Agencias de viajes y operaciones turísticas,4722
511000,TRANSPORTE DE PASAJEROS POR VÍA AÉREA,4789,"Servicios de transporte, no clasificados en otra parte)",4789
512000,TRANSPORTE DE CARGA POR VÍA AÉREA,4214,"Transportistas de carga, empresas de mudanzas y almacenamiento, transporte por carretera (local/larga distancia), servicios de entrega (local)",4214
512000,TRANSPORTE DE CARGA POR VÍA AÉREA,4511,"Aerolíneas, transportistas aéreos (no enumerados en otra parte)",4511
512000,TRANSPORTE DE CARGA POR VÍA AÉREA,4582,"Aeropuertos, terminales de aeropuertos, campos de vuelo",4582
512000,TRANSPORTE DE CARGA POR VÍA AÉREA,4789,"Servicios de transporte, no clasificados en otra parte)",4789
521001,EXPLOTACIÓN DE FRIGORÍFICOS PARA ALMACENAMIENTO Y DEPÓSITO,4225,"Depósito público, Almacenamiento",4225
521001,EXPLOTACIÓN DE FRIGORÍFICOS PARA ALMACENAMIENTO Y DEPÓSITO,5074,Equipos y Suministros de Plomería y Calefacción,5074
521001,EXPLOTACIÓN DE FRIGORÍFICOS PARA ALMACENAMIENTO Y DEPÓSITO,5085,"Suministros industriales, no clasificados en otra parte",5085
521001,EXPLOTACIÓN DE FRIGORÍFICOS PARA ALMACENAMIENTO Y DEPÓSITO,7399,"Servicios comerciales, no clasificados en otra parte",7399
521009,OTROS SERVICIOS DE ALMACENAMIENTO Y DEPÓSITO N.C.P.,4214,"Transportistas de carga, empresas de mudanzas y almacenamiento, transporte por carretera (local/larga distancia), servicios de entrega (local)",4214
521009,OTROS SERVICIOS DE ALMACENAMIENTO Y DEPÓSITO N.C.P.,4225,"Depósito público, Almacenamiento",4225
521009,OTROS SERVICIOS DE ALMACENAMIENTO Y DEPÓSITO N.C.P.,5099,"Bienes duraderos, no clasificados en otra parte",5099
521009,OTROS SERVICIOS DE ALMACENAMIENTO Y DEPÓSITO N.C.P.,7399,"Servicios comerciales, no clasificados en otra parte",7399
522110,EXPLOTACIÓN DE TERMINALES TERRESTRES DE PASAJEROS,4111,"Transporte de pasajeros local/suburbano: ferrocarriles, ferries y transporte acuático local.",4111
522110,EXPLOTACIÓN DE TERMINALES TERRESTRES DE PASAJEROS,4722,Agencias de viajes y operaciones turísticas,4722
522110,EXPLOTACIÓN DE TERMINALES TERRESTRES DE PASAJEROS,4789,"Servicios de transporte, no clasificados en otra parte)",4789
522110,EXPLOTACIÓN DE TERMINALES TERRESTRES DE PASAJEROS,7399,"Servicios comerciales, no clasificados en otra parte",7399
522120,EXPLOTACIÓN DE ESTACIONAMIENTOS DE VEHÍCULOS AUTOMOTORES Y PARQUÍMETROS,7512,Empresas de alquiler de coches (no enumeradas a continuación),7512
522120,EXPLOTACIÓN DE ESTACIONAMIENTOS DE VEHÍCULOS AUTOMOTORES Y PARQUÍMETROS,7523,Estacionamientos y garajes para automóviles,7523
522130,SERVICIOS PRESTADOS POR CONCESIONARIOS DE CARRETERAS,4784,Tarifas de peajes y puentes,4784
522130,SERVICIOS PRESTADOS POR CONCESIONARIOS DE CARRETERAS,7549,Servicios de remolque,7549
522190,ACTIVIDADES DE SERVICIOS VINCULADAS AL TRANSPORTE TERRESTRE N.C.P.,4214,"Transportistas de carga, empresas de mudanzas y almacenamiento, transporte por carretera (local/larga distancia), servicios de entrega (local)",4214
522190,ACTIVIDADES DE SERVICIOS VINCULADAS AL TRANSPORTE TERRESTRE N.C.P.,4789,"Servicios de transporte, no clasificados en otra parte)",4789
522200,ACTIVIDADES DE SERVICIOS VINCULADAS AL TRANSPORTE ACUÁTICO,4457,Alquiler y arrendamiento de embarcaciones,4457
522200,ACTIVIDADES DE SERVICIOS VINCULADAS AL TRANSPORTE ACUÁTICO,4468,"Puertos deportivos, servicios marítimos y suministros",4468
522200,ACTIVIDADES DE SERVICIOS VINCULADAS AL TRANSPORTE ACUÁTICO,4789,"Servicios de transporte, no clasificados en otra parte)",4789
522300,ACTIVIDADES DE SERVICIOS VINCULADAS AL TRANSPORTE AÉREO,4511,"Aerolíneas, transportistas aéreos (no enumerados en otra parte)",4511
522300,ACTIVIDADES DE SERVICIOS VINCULADAS AL TRANSPORTE AÉREO,4582,"Aeropuertos, terminales de aeropuertos, campos de vuelo",4582
522300,ACTIVIDADES DE SERVICIOS VINCULADAS AL TRANSPORTE AÉREO,4722,Agencias de viajes y operaciones turísticas,4722
522300,ACTIVIDADES DE SERVICIOS VINCULADAS AL TRANSPORTE AÉREO,4789,"Servicios de transporte, no clasificados en otra parte)",4789
522400,MANIPULACIÓN DE LA CARGA,4214,"Transportistas de carga, empresas de mudanzas y almacenamiento, transporte por carretera (local/larga distancia), servicios de entrega (local)",4214
522400,MANIPULACIÓN DE LA CARGA,4225,"Depósito público, Almacenamiento",4225
522400,MANIPULACIÓN DE LA CARGA,4468,"Puertos deportivos, servicios marítimos y suministros",4468
522400,MANIPULACIÓN DE LA CARGA,4582,"Aeropuertos, terminales de aeropuertos, campos de vuelo",4582
522400,MANIPULACIÓN DE LA CARGA,4789,"Servicios de transporte, no clasificados en otra parte)",4789
522910,AGENCIAS DE ADUANAS,4582,"Aeropuertos, terminales de aeropuertos, campos de vuelo",4582
522910,AGENCIAS DE ADUANAS,7399,"Servicios comerciales, no clasificados en otra parte",7399
522920,AGENCIAS DE NAVES,4468,"Puertos deportivos, servicios marítimos y suministros",4468
522920,AGENCIAS DE NAVES,4789,"Servicios de transporte, no clasificados en otra parte)",4789
522920,AGENCIAS DE NAVES,7399,"Servicios comerciales, no clasificados en otra parte",7399
522990,OTRAS ACTIVIDADES DE APOYO AL TRANSPORTE N.C.P.,4111,"Transporte de pasajeros local/suburbano: ferrocarriles, ferries y transporte acuático local.",4111
522990,OTRAS ACTIVIDADES DE APOYO AL TRANSPORTE N.C.P.,4214,"Transportistas de carga, empresas de mudanzas y almacenamiento, transporte por carretera (local/larga distancia), servicios de entrega (local)",4214
522990,OTRAS ACTIVIDADES DE APOYO AL TRANSPORTE N.C.P.,4582,"Aeropuertos, terminales de aeropuertos, campos de vuelo",4582
522990,OTRAS ACTIVIDADES DE APOYO AL TRANSPORTE N.C.P.,4789,"Servicios de transporte, no clasificados en otra parte)",4789
531000,ACTIVIDADES POSTALES,4214,"Transportistas de carga, empresas de mudanzas y almacenamiento, transporte por carretera (local/larga distancia), servicios de entrega (local)",4214
531000,ACTIVIDADES POSTALES,4789,"Servicios de transporte, no clasificados en otra parte)",4789
531000,ACTIVIDADES POSTALES,7399,"Servicios comerciales, no clasificados en otra parte",7399
531000,ACTIVIDADES POSTALES,9402,Servicios postales: solo para el gobierno,9402
532000,ACTIVIDADES DE MENSAJERÍA,4214,"Transportistas de carga, empresas de mudanzas y almacenamiento, transporte por carretera (local/larga distancia), servicios de entrega (local)",4214
532000,ACTIVIDADES DE MENSAJERÍA,4789,"Servicios de transporte, no clasificados en otra parte)",4789
532000,ACTIVIDADES DE MENSAJERÍA,7399,"Servicios comerciales, no clasificados en otra parte",7399
532000,ACTIVIDADES DE MENSAJERÍA,9402,Servicios postales: solo para el gobierno,9402
551001,ACTIVIDADES DE HOTELES,7011,"Alojamiento: hoteles, moteles, complejos turísticos, servicios centrales de reserva (no clasificados en otra parte)",7011
551002,ACTIVIDADES DE MOTELES,7011,"Alojamiento: hoteles, moteles, complejos turísticos, servicios centrales de reserva (no clasificados en otra parte)",7011
551003,ACTIVIDADES DE RESIDENCIALES PARA TURISTAS,7011,"Alojamiento: hoteles, moteles, complejos turísticos, servicios centrales de reserva (no clasificados en otra parte)",7011
551009,OTRAS ACTIVIDADES DE ALOJAMIENTO PARA TURISTAS N.C.P.,7011,"Alojamiento: hoteles, moteles, complejos turísticos, servicios centrales de reserva (no clasificados en otra parte)",7011
552000,ACTIVIDADES DE CAMPING Y DE PARQUES PARA CASAS RODANTES,7033,Parques de casas rodantes y terrenos para acampar,7033
559001,ACTIVIDADES DE RESIDENCIALES PARA ESTUDIANTES Y TRABAJADORES,7011,"Alojamiento: hoteles, moteles, complejos turísticos, servicios centrales de reserva (no clasificados en otra parte)",7011
559009,OTRAS ACTIVIDADES DE ALOJAMIENTO N.C.P.,7011,"Alojamiento: hoteles, moteles, complejos turísticos, servicios centrales de reserva (no clasificados en otra parte)",7011
559009,OTRAS ACTIVIDADES DE ALOJAMIENTO N.C.P.,7033,Parques de casas rodantes y terrenos para acampar,7033
561000,ACTIVIDADES DE RESTAURANTES Y DE SERVICIO MÓVIL DE COMIDAS,5811,empresas de catering,5811
561000,ACTIVIDADES DE RESTAURANTES Y DE SERVICIO MÓVIL DE COMIDAS,5812,Lugares para comer y restaurantes,5812
561000,ACTIVIDADES DE RESTAURANTES Y DE SERVICIO MÓVIL DE COMIDAS,5813,"Locales para beber (Bebidas Alcohólicas), Bares, Tabernas, Coctelerías, Centros nocturnos y Discotecas",5813
561000,ACTIVIDADES DE RESTAURANTES Y DE SERVICIO MÓVIL DE COMIDAS,5814,Restaurantes de comida rápida,5814
562100,SUMINISTRO DE COMIDAS POR ENCARGO (SERVICIOS DE BANQUETERÍA),5811,empresas de catering,5811
562900,SUMINISTRO INDUSTRIAL DE COMIDAS POR ENCARGO; CONCESIÓN DE SERVICIOS DE ALIMENTACIÓN,5811,empresas de catering,5811
562900,SUMINISTRO INDUSTRIAL DE COMIDAS POR ENCARGO; CONCESIÓN DE SERVICIOS DE ALIMENTACIÓN,5812,Lugares para comer y restaurantes,5812
563001,"ACTIVIDADES DE DISCOTECAS Y CABARET (NIGHT CLUB), CON PREDOMINIO DEL SERVICIO DE BEBIDAS",5813,"Locales para beber (Bebidas Alcohólicas), Bares, Tabernas, Coctelerías, Centros nocturnos y Discotecas",5813
563009,OTRAS ACTIVIDADES DE SERVICIO DE BEBIDAS N.C.P.,5813,"Locales para beber (Bebidas Alcohólicas), Bares, Tabernas, Coctelerías, Centros nocturnos y Discotecas",5813
581100,EDICIÓN DE LIBROS,2741,Publicaciones e imprentas varias,2741
581100,EDICIÓN DE LIBROS,5192,"Libros, publicaciones periódicas y periódicos",5192
581100,EDICIÓN DE LIBROS,5815,"Productos digitales: medios, libros, películas, música",5815
581100,EDICIÓN DE LIBROS,5942,Librerías,5942
581200,EDICIÓN DE DIRECTORIOS Y LISTAS DE CORREO,2741,Publicaciones e imprentas varias,2741
581900,OTRAS ACTIVIDADES DE EDICIÓN,2741,Publicaciones e imprentas varias,2741
581900,OTRAS ACTIVIDADES DE EDICIÓN,5192,"Libros, publicaciones periódicas y periódicos",5192
581900,OTRAS ACTIVIDADES DE EDICIÓN,5815,"Productos digitales: medios, libros, películas, música",5815
581900,OTRAS ACTIVIDADES DE EDICIÓN,7338,"Servicios rápidos de copia, reproducción y planos",7338
582000,EDICIÓN DE PROGRAMAS INFORMÁTICOS,5734,Tiendas de software informático,5734
582000,EDICIÓN DE PROGRAMAS INFORMÁTICOS,7372,"Servicios de programación informática, diseño de sistemas integrados y procesamiento de datos",7372
591100,"ACTIVIDADES DE PRODUCCIÓN DE PELÍCULAS CINEMATOGRÁFICAS, VIDEOS Y PROGRAMAS DE TELEVISIÓN",7829,Producción y distribución de películas y cintas de vídeo,7829
591200,"ACTIVIDADES DE POSTPRODUCCIÓN DE PELÍCULAS CINEMATOGRÁFICAS, VIDEOS Y PROGRAMAS DE TELEVISIÓN",7399,"Servicios comerciales, no clasificados en otra parte",7399
591200,"ACTIVIDADES DE POSTPRODUCCIÓN DE PELÍCULAS CINEMATOGRÁFICAS, VIDEOS Y PROGRAMAS DE TELEVISIÓN",7829,Producción y distribución de películas y cintas de vídeo,7829
591300,"ACTIVIDADES DE DISTRIBUCIÓN DE PELÍCULAS CINEMATOGRÁFICAS, VIDEOS Y PROGRAMAS DE TELEVISIÓN",7829,Producción y distribución de películas y cintas de vídeo,7829
591400,ACTIVIDADES DE EXHIBICIÓN DE PELÍCULAS CINEMATOGRÁFICAS Y CINTAS DE VIDEO,7832,Cines cinematográficos,7832
591400,ACTIVIDADES DE EXHIBICIÓN DE PELÍCULAS CINEMATOGRÁFICAS Y CINTAS DE VIDEO,7999,Servicios de recreación (no clasificados en otra parte),7999
592000,ACTIVIDADES DE GRABACIÓN DE SONIDO Y EDICIÓN DE MÚSICA,7399,"Servicios comerciales, no clasificados en otra parte",7399
592000,ACTIVIDADES DE GRABACIÓN DE SONIDO Y EDICIÓN DE MÚSICA,7929,"Bandas, orquestas y artistas diversos (no clasificados en otra parte)",7929
601000,TRANSMISIONES DE RADIO,7399,"Servicios comerciales, no clasificados en otra parte",7399
602000,PROGRAMACIÓN Y TRANSMISIONES DE TELEVISIÓN,4899,Cable y otras televisiones de pago (anteriormente Servicios de Cable),4899
602000,PROGRAMACIÓN Y TRANSMISIONES DE TELEVISIÓN,7829,Producción y distribución de películas y cintas de vídeo,7829
611010,TELEFONÍA FIJA,4814,"Servicios de fax, Servicios de telecomunicaciones",4814
611020,TELEFONÍA LARGA DISTANCIA,4814,"Servicios de fax, Servicios de telecomunicaciones",4814
611030,TELEVISIÓN DE PAGO POR CABLE,4899,Cable y otras televisiones de pago (anteriormente Servicios de Cable),4899
611090,OTROS SERVICIOS DE TELECOMUNICACIONES ALÁMBRICAS N.C.P.,4814,"Servicios de fax, Servicios de telecomunicaciones",4814
611090,OTROS SERVICIOS DE TELECOMUNICACIONES ALÁMBRICAS N.C.P.,4816,Servicios de redes informáticas,4816
611090,OTROS SERVICIOS DE TELECOMUNICACIONES ALÁMBRICAS N.C.P.,4899,Cable y otras televisiones de pago (anteriormente Servicios de Cable),4899
612010,TELEFONÍA MÓVIL CELULAR,4812,"Equipos de telecomunicaciones, incluida la venta de teléfonos.",4812
612010,TELEFONÍA MÓVIL CELULAR,4814,"Servicios de fax, Servicios de telecomunicaciones",4814
612020,RADIOCOMUNICACIONES MÓVILES,4814,"Servicios de fax, Servicios de telecomunicaciones",4814
612020,RADIOCOMUNICACIONES MÓVILES,7399,"Servicios comerciales, no clasificados en otra parte",7399
612030,TELEVISIÓN DE PAGO INALÁMBRICA,4814,"Servicios de fax, Servicios de telecomunicaciones",4814
612030,TELEVISIÓN DE PAGO INALÁMBRICA,4899,Cable y otras televisiones de pago (anteriormente Servicios de Cable),4899
612030,TELEVISIÓN DE PAGO INALÁMBRICA,7829,Producción y distribución de películas y cintas de vídeo,7829
612090,OTROS SERVICIOS DE TELECOMUNICACIONES INALÁMBRICAS N.C.P.,4812,"Equipos de telecomunicaciones, incluida la venta de teléfonos.",4812
612090,OTROS SERVICIOS DE TELECOMUNICACIONES INALÁMBRICAS N.C.P.,4814,"Servicios de fax, Servicios de telecomunicaciones",4814
612090,OTROS SERVICIOS DE TELECOMUNICACIONES INALÁMBRICAS N.C.P.,4816,Servicios de redes informáticas,4816
612090,OTROS SERVICIOS DE TELECOMUNICACIONES INALÁMBRICAS N.C.P.,4899,Cable y otras televisiones de pago (anteriormente Servicios de Cable),4899
613010,TELEFONÍA MÓVIL SATELITAL,4812,"Equipos de telecomunicaciones, incluida la venta de teléfonos.",4812
613010,TELEFONÍA MÓVIL SATELITAL,4814,"Servicios de fax, Servicios de telecomunicaciones",4814
613020,TELEVISIÓN DE PAGO SATELITAL,4814,"Servicios de fax, Servicios de telecomunicaciones",4814
613020,TELEVISIÓN DE PAGO SATELITAL,4899,Cable y otras televisiones de pago (anteriormente Servicios de Cable),4899
613020,TELEVISIÓN DE PAGO SATELITAL,7829,Producción y distribución de películas y cintas de vídeo,7829
613090,OTROS SERVICIOS DE TELECOMUNICACIONES POR SATÉLITE N.C.P.,4812,"Equipos de telecomunicaciones, incluida la venta de teléfonos.",4812
613090,OTROS SERVICIOS DE TELECOMUNICACIONES POR SATÉLITE N.C.P.,4814,"Servicios de fax, Servicios de telecomunicaciones",4814
619010,CENTROS DE LLAMADOS Y CENTROS DE ACCESO A INTERNET,4814,"Servicios de fax, Servicios de telecomunicaciones",4814
619010,CENTROS DE LLAMADOS Y CENTROS DE ACCESO A INTERNET,4816,Servicios de redes informáticas,4816
619090,OTRAS ACTIVIDADES DE TELECOMUNICACIONES N.C.P.,4812,"Equipos de telecomunicaciones, incluida la venta de teléfonos.",4812
619090,OTRAS ACTIVIDADES DE TELECOMUNICACIONES N.C.P.,4814,"Servicios de fax, Servicios de telecomunicaciones",4814
620100,ACTIVIDADES DE PROGRAMACIÓN INFORMÁTICA,5734,Tiendas de software informático,5734
620100,ACTIVIDADES DE PROGRAMACIÓN INFORMÁTICA,7372,"Servicios de programación informática, diseño de sistemas integrados y procesamiento de datos",7372
620200,ACTIVIDADES DE CONSULTORÍA DE INFORMÁTICA Y DE GESTIÓN DE INSTALACIONES INFORMÁTICAS,4816,Servicios de redes informáticas,4816
620200,ACTIVIDADES DE CONSULTORÍA DE INFORMÁTICA Y DE GESTIÓN DE INSTALACIONES INFORMÁTICAS,5734,Tiendas de software informático,5734
620200,ACTIVIDADES DE CONSULTORÍA DE INFORMÁTICA Y DE GESTIÓN DE INSTALACIONES INFORMÁTICAS,7372,"Servicios de programación informática, diseño de sistemas integrados y procesamiento de datos",7372
620900,OTRAS ACTIVIDADES DE TECNOLOGÍA DE LA INFORMACIÓN Y DE SERVICIOS INFORMÁTICOS,4816,Servicios de redes informáticas,4816
620900,OTRAS ACTIVIDADES DE TECNOLOGÍA DE LA INFORMACIÓN Y DE SERVICIOS INFORMÁTICOS,5734,Tiendas de software informático,5734
620900,OTRAS ACTIVIDADES DE TECNOLOGÍA DE LA INFORMACIÓN Y DE SERVICIOS INFORMÁTICOS,7372,"Servicios de programación informática, diseño de sistemas integrados y procesamiento de datos",7372
631100,"PROCESAMIENTO DE DATOS, HOSPEDAJE Y ACTIVIDADES CONEXAS",4816,Servicios de redes informáticas,4816
631100,"PROCESAMIENTO DE DATOS, HOSPEDAJE Y ACTIVIDADES CONEXAS",5734,Tiendas de software informático,5734
631100,"PROCESAMIENTO DE DATOS, HOSPEDAJE Y ACTIVIDADES CONEXAS",7372,"Servicios de programación informática, diseño de sistemas integrados y procesamiento de datos",7372
631200,PORTALES WEB,7311,Servicios de publicidad,7311
631200,PORTALES WEB,7372,"Servicios de programación informática, diseño de sistemas integrados y procesamiento de datos",7372
639100,ACTIVIDADES DE AGENCIAS DE NOTICIAS,2741,Publicaciones e imprentas varias,2741
639100,ACTIVIDADES DE AGENCIAS DE NOTICIAS,5815,"Productos digitales: medios, libros, películas, música",5815
639100,ACTIVIDADES DE AGENCIAS DE NOTICIAS,7399,"Servicios comerciales, no clasificados en otra parte",7399
639900,OTRAS ACTIVIDADES DE SERVICIOS DE INFORMACIÓN N.C.P.,2741,Publicaciones e imprentas varias,2741
639900,OTRAS ACTIVIDADES DE SERVICIOS DE INFORMACIÓN N.C.P.,5815,"Productos digitales: medios, libros, películas, música",5815
639900,OTRAS ACTIVIDADES DE SERVICIOS DE INFORMACIÓN N.C.P.,7311,Servicios de publicidad,7311
639900,OTRAS ACTIVIDADES DE SERVICIOS DE INFORMACIÓN N.C.P.,7372,"Servicios de programación informática, diseño de sistemas integrados y procesamiento de datos",7372
641100,BANCA CENTRAL,4829,Giros postales – Transferencia bancaria,4829
641100,BANCA CENTRAL,6010,Instituciones financieras – Desembolsos manuales de efectivo,6010
641100,BANCA CENTRAL,6011,Instituciones financieras – Desembolsos manuales de efectivo,6011
641100,BANCA CENTRAL,9399,Servicios gubernamentales (no clasificados en otra parte),9399
641910,ACTIVIDADES BANCARIAS,4829,Giros postales – Transferencia bancaria,4829
641910,ACTIVIDADES BANCARIAS,6010,Instituciones financieras – Desembolsos manuales de efectivo,6010
641910,ACTIVIDADES BANCARIAS,6011,Instituciones financieras – Desembolsos manuales de efectivo,6011
641910,ACTIVIDADES BANCARIAS,6012,Instituciones Financieras – Mercancías y Servicios,6012
641990,OTROS TIPOS DE INTERMEDIACIÓN MONETARIA N.C.P.,4829,Giros postales – Transferencia bancaria,4829
641990,OTROS TIPOS DE INTERMEDIACIÓN MONETARIA N.C.P.,6010,Instituciones financieras – Desembolsos manuales de efectivo,6010
641990,OTROS TIPOS DE INTERMEDIACIÓN MONETARIA N.C.P.,6011,Instituciones financieras – Desembolsos manuales de efectivo,6011
641990,OTROS TIPOS DE INTERMEDIACIÓN MONETARIA N.C.P.,6012,Instituciones Financieras – Mercancías y Servicios,6012
641990,OTROS TIPOS DE INTERMEDIACIÓN MONETARIA N.C.P.,7399,"Servicios comerciales, no clasificados en otra parte",7399
642000,ACTIVIDADES DE SOCIEDADES DE CARTERA,6012,Instituciones Financieras – Mercancías y Servicios,6012
643000,FONDOS Y SOCIEDADES DE INVERSIÓN Y ENTIDADES FINANCIERAS SIMILARES,4829,Giros postales – Transferencia bancaria,4829
643000,FONDOS Y SOCIEDADES DE INVERSIÓN Y ENTIDADES FINANCIERAS SIMILARES,6010,Instituciones financieras – Desembolsos manuales de efectivo,6010
643000,FONDOS Y SOCIEDADES DE INVERSIÓN Y ENTIDADES FINANCIERAS SIMILARES,6011,Instituciones financieras – Desembolsos manuales de efectivo,6011
643000,FONDOS Y SOCIEDADES DE INVERSIÓN Y ENTIDADES FINANCIERAS SIMILARES,6012,Instituciones Financieras – Mercancías y Servicios,6012
643000,FONDOS Y SOCIEDADES DE INVERSIÓN Y ENTIDADES FINANCIERAS SIMILARES,6211,Corredores/distribuidores de seguridad,6211
649100,LEASING FINANCIERO,6012,Instituciones Financieras – Mercancías y Servicios,6012
649100,LEASING FINANCIERO,6513,Agentes y Gestores Inmobiliarios - Alquileres,6513
649100,LEASING FINANCIERO,7394,"Servicios de alquiler y arrendamiento de equipos, alquiler de herramientas, alquiler de muebles y alquiler de electrodomésticos",7394
649201,FINANCIERAS,6012,Instituciones Financieras – Mercancías y Servicios,6012
649201,FINANCIERAS,6211,Corredores/distribuidores de seguridad,6211
649201,FINANCIERAS,6300,"Ventas, suscripción y primas de seguros",6300
649201,FINANCIERAS,7322,Agencia de cobro de deudas,7322
649201,FINANCIERAS,7399,"Servicios comerciales, no clasificados en otra parte",7399
649202,ACTIVIDADES DE CRÉDITO PRENDARIO,5933,Casas de empeño y depósitos de salvamento,5933
649202,ACTIVIDADES DE CRÉDITO PRENDARIO,6012,Instituciones Financieras – Mercancías y Servicios,6012
649202,ACTIVIDADES DE CRÉDITO PRENDARIO,6300,"Ventas, suscripción y primas de seguros",6300
649202,ACTIVIDADES DE CRÉDITO PRENDARIO,7399,"Servicios comerciales, no clasificados en otra parte",7399
649203,CAJAS DE COMPENSACIÓN,6012,Instituciones Financieras – Mercancías y Servicios,6012
649203,CAJAS DE COMPENSACIÓN,6051,"Instituciones no financieras: moneda extranjera, giros postales (no transferencias bancarias) y cheques de viajero",6051
649203,CAJAS DE COMPENSACIÓN,7399,"Servicios comerciales, no clasificados en otra parte",7399
649209,OTRAS ACTIVIDADES DE CONCESIÓN DE CRÉDITO N.C.P.,6012,Instituciones Financieras – Mercancías y Servicios,6012
649209,OTRAS ACTIVIDADES DE CONCESIÓN DE CRÉDITO N.C.P.,6211,Corredores/distribuidores de seguridad,6211
649209,OTRAS ACTIVIDADES DE CONCESIÓN DE CRÉDITO N.C.P.,6300,"Ventas, suscripción y primas de seguros",6300
649209,OTRAS ACTIVIDADES DE CONCESIÓN DE CRÉDITO N.C.P.,7399,"Servicios comerciales, no clasificados en otra parte",7399
649900,"OTRAS ACTIVIDADES DE SERVICIOS FINANCIEROS, EXCEPTO LAS DE SEGUROS Y FONDOS DE PENSIONES N.C.P.",6012,Instituciones Financieras – Mercancías y Servicios,6012
649900,"OTRAS ACTIVIDADES DE SERVICIOS FINANCIEROS, EXCEPTO LAS DE SEGUROS Y FONDOS DE PENSIONES N.C.P.",6211,Corredores/distribuidores de seguridad,6211
651100,SEGUROS DE VIDA,6211,Corredores/distribuidores de seguridad,6211
651100,SEGUROS DE VIDA,6300,"Ventas, suscripción y primas de seguros",6300
651100,SEGUROS DE VIDA,6399,Seguro no clasificado en otra parte (ya no es válido para trabajos de primera presentación),6399
651210,"SEGUROS GENERALES, EXCEPTO ACTIVIDADES DE ISAPRES",6211,Corredores/distribuidores de seguridad,6211
651210,"SEGUROS GENERALES, EXCEPTO ACTIVIDADES DE ISAPRES",6300,"Ventas, suscripción y primas de seguros",6300
651210,"SEGUROS GENERALES, EXCEPTO ACTIVIDADES DE ISAPRES",6399,Seguro no clasificado en otra parte (ya no es válido para trabajos de primera presentación),6399
651220,ACTIVIDADES DE ISAPRES,8099,Servicios médicos y profesionales de la salud (no clasificados en otra parte),8099
652000,REASEGUROS,6211,Corredores/distribuidores de seguridad,6211
652000,REASEGUROS,6300,"Ventas, suscripción y primas de seguros",6300
652000,REASEGUROS,6399,Seguro no clasificado en otra parte (ya no es válido para trabajos de primera presentación),6399
653000,FONDOS DE PENSIONES,6211,Corredores/distribuidores de seguridad,6211
653000,FONDOS DE PENSIONES,6300,"Ventas, suscripción y primas de seguros",6300
653000,FONDOS DE PENSIONES,6399,Seguro no clasificado en otra parte (ya no es válido para trabajos de primera presentación),6399
653000,FONDOS DE PENSIONES,7399,"Servicios comerciales, no clasificados en otra parte",7399
661100,ADMINISTRACIÓN DE MERCADOS FINANCIEROS,6012,Instituciones Financieras – Mercancías y Servicios,6012
661100,ADMINISTRACIÓN DE MERCADOS FINANCIEROS,6211,Corredores/distribuidores de seguridad,6211
661201,ACTIVIDADES DE SECURITIZADORAS,6012,Instituciones Financieras – Mercancías y Servicios,6012
661201,ACTIVIDADES DE SECURITIZADORAS,6211,Corredores/distribuidores de seguridad,6211
661201,ACTIVIDADES DE SECURITIZADORAS,6399,Seguro no clasificado en otra parte (ya no es válido para trabajos de primera presentación),6399
661202,CORREDORES DE BOLSA,6012,Instituciones Financieras – Mercancías y Servicios,6012
661202,CORREDORES DE BOLSA,6211,Corredores/distribuidores de seguridad,6211
661203,AGENTES DE VALORES,6012,Instituciones Financieras – Mercancías y Servicios,6012
661203,AGENTES DE VALORES,6211,Corredores/distribuidores de seguridad,6211
661204,ACTIVIDADES DE CASAS DE CAMBIO Y OPERADORES DE DIVISA,6051,"Instituciones no financieras: moneda extranjera, giros postales (no transferencias bancarias) y cheques de viajero",6051
661209,OTROS SERVICIOS DE CORRETAJE DE VALORES Y COMMODITIES N.C.P.,6012,Instituciones Financieras – Mercancías y Servicios,6012
661209,OTROS SERVICIOS DE CORRETAJE DE VALORES Y COMMODITIES N.C.P.,6211,Corredores/distribuidores de seguridad,6211
661901,ACTIVIDADES DE CÁMARAS DE COMPENSACIÓN,6012,Instituciones Financieras – Mercancías y Servicios,6012
661901,ACTIVIDADES DE CÁMARAS DE COMPENSACIÓN,6211,Corredores/distribuidores de seguridad,6211
661901,ACTIVIDADES DE CÁMARAS DE COMPENSACIÓN,6300,"Ventas, suscripción y primas de seguros",6300
661902,ADMINISTRACIÓN DE TARJETAS DE CRÉDITO,6012,Instituciones Financieras – Mercancías y Servicios,6012
661903,EMPRESAS DE ASESORÍA Y CONSULTORÍA EN INVERSIÓN FINANCIERA; SOCIEDADES DE APOYO AL GIRO,6012,Instituciones Financieras – Mercancías y Servicios,6012
661903,EMPRESAS DE ASESORÍA Y CONSULTORÍA EN INVERSIÓN FINANCIERA; SOCIEDADES DE APOYO AL GIRO,6211,Corredores/distribuidores de seguridad,6211
661904,ACTIVIDADES DE CLASIFICADORAS DE RIESGO,6012,Instituciones Financieras – Mercancías y Servicios,6012
661909,OTRAS ACTIVIDADES AUXILIARES DE LAS ACTIVIDADES DE SERVICIOS FINANCIEROS N.C.P.,6012,Instituciones Financieras – Mercancías y Servicios,6012
661909,OTRAS ACTIVIDADES AUXILIARES DE LAS ACTIVIDADES DE SERVICIOS FINANCIEROS N.C.P.,6211,Corredores/distribuidores de seguridad,6211
661909,OTRAS ACTIVIDADES AUXILIARES DE LAS ACTIVIDADES DE SERVICIOS FINANCIEROS N.C.P.,6300,"Ventas, suscripción y primas de seguros",6300
661909,OTRAS ACTIVIDADES AUXILIARES DE LAS ACTIVIDADES DE SERVICIOS FINANCIEROS N.C.P.,7399,"Servicios comerciales, no clasificados en otra parte",7399
662100,EVALUACIÓN DE RIESGOS Y DAÑOS (INCLUYE ACTIVIDADES DE LIQUIDADORES DE SEGUROS),6211,Corredores/distribuidores de seguridad,6211
662100,EVALUACIÓN DE RIESGOS Y DAÑOS (INCLUYE ACTIVIDADES DE LIQUIDADORES DE SEGUROS),6300,"Ventas, suscripción y primas de seguros",6300
662100,EVALUACIÓN DE RIESGOS Y DAÑOS (INCLUYE ACTIVIDADES DE LIQUIDADORES DE SEGUROS),6399,Seguro no clasificado en otra parte (ya no es válido para trabajos de primera presentación),6399
662200,ACTIVIDADES DE AGENTES Y CORREDORES DE SEGUROS,6211,Corredores/distribuidores de seguridad,6211
662200,ACTIVIDADES DE AGENTES Y CORREDORES DE SEGUROS,6300,"Ventas, suscripción y primas de seguros",6300
662200,ACTIVIDADES DE AGENTES Y CORREDORES DE SEGUROS,6399,Seguro no clasificado en otra parte (ya no es válido para trabajos de primera presentación),6399
662900,OTRAS ACTIVIDADES AUXILIARES DE LAS ACTIVIDADES DE SEGUROS Y FONDOS DE PENSIONES,6211,Corredores/distribuidores de seguridad,6211
662900,OTRAS ACTIVIDADES AUXILIARES DE LAS ACTIVIDADES DE SEGUROS Y FONDOS DE PENSIONES,6300,"Ventas, suscripción y primas de seguros",6300
662900,OTRAS ACTIVIDADES AUXILIARES DE LAS ACTIVIDADES DE SEGUROS Y FONDOS DE PENSIONES,6399,Seguro no clasificado en otra parte (ya no es válido para trabajos de primera presentación),6399
662900,OTRAS ACTIVIDADES AUXILIARES DE LAS ACTIVIDADES DE SEGUROS Y FONDOS DE PENSIONES,7399,"Servicios comerciales, no clasificados en otra parte",7399
663010,ADMINISTRADORAS DE FONDOS DE PENSIONES (AFP),6012,Instituciones Financieras – Mercancías y Servicios,6012
663010,ADMINISTRADORAS DE FONDOS DE PENSIONES (AFP),6211,Corredores/distribuidores de seguridad,6211
663010,ADMINISTRADORAS DE FONDOS DE PENSIONES (AFP),6300,"Ventas, suscripción y primas de seguros",6300
663091,ADMINISTRADORAS DE FONDOS DE INVERSIÓN,6012,Instituciones Financieras – Mercancías y Servicios,6012
663091,ADMINISTRADORAS DE FONDOS DE INVERSIÓN,6211,Corredores/distribuidores de seguridad,6211
663091,ADMINISTRADORAS DE FONDOS DE INVERSIÓN,6300,"Ventas, suscripción y primas de seguros",6300
663092,ADMINISTRADORAS DE FONDOS MUTUOS,6012,Instituciones Financieras – Mercancías y Servicios,6012
663092,ADMINISTRADORAS DE FONDOS MUTUOS,6211,Corredores/distribuidores de seguridad,6211
663092,ADMINISTRADORAS DE FONDOS MUTUOS,6300,"Ventas, suscripción y primas de seguros",6300
663093,ADMINISTRADORAS DE FICES (FONDOS DE INVERSIÓN DE CAPITAL EXTRANJERO),6012,Instituciones Financieras – Mercancías y Servicios,6012
663093,ADMINISTRADORAS DE FICES (FONDOS DE INVERSIÓN DE CAPITAL EXTRANJERO),6211,Corredores/distribuidores de seguridad,6211
663094,ADMINISTRADORAS DE FONDOS PARA LA VIVIENDA,6012,Instituciones Financieras – Mercancías y Servicios,6012
663094,ADMINISTRADORAS DE FONDOS PARA LA VIVIENDA,6211,Corredores/distribuidores de seguridad,6211
663094,ADMINISTRADORAS DE FONDOS PARA LA VIVIENDA,6300,"Ventas, suscripción y primas de seguros",6300
663099,ADMINISTRADORAS DE FONDOS PARA OTROS FINES N.C.P.,6012,Instituciones Financieras – Mercancías y Servicios,6012
663099,ADMINISTRADORAS DE FONDOS PARA OTROS FINES N.C.P.,6211,Corredores/distribuidores de seguridad,6211
681011,ALQUILER DE BIENES INMUEBLES AMOBLADOS O CON EQUIPOS Y MAQUINARIAS,6513,Agentes y Gestores Inmobiliarios - Alquileres,6513
681011,ALQUILER DE BIENES INMUEBLES AMOBLADOS O CON EQUIPOS Y MAQUINARIAS,7011,"Alojamiento: hoteles, moteles, complejos turísticos, servicios centrales de reserva (no clasificados en otra parte)",7011
681011,ALQUILER DE BIENES INMUEBLES AMOBLADOS O CON EQUIPOS Y MAQUINARIAS,7394,"Servicios de alquiler y arrendamiento de equipos, alquiler de herramientas, alquiler de muebles y alquiler de electrodomésticos",7394
681012,"COMPRA, VENTA Y ALQUILER (EXCEPTO AMOBLADOS) DE INMUEBLES",6513,Agentes y Gestores Inmobiliarios - Alquileres,6513
681012,"COMPRA, VENTA Y ALQUILER (EXCEPTO AMOBLADOS) DE INMUEBLES",7011,"Alojamiento: hoteles, moteles, complejos turísticos, servicios centrales de reserva (no clasificados en otra parte)",7011
681020,SERVICIOS IMPUTADOS DE ALQUILER DE VIVIENDAS,6513,Agentes y Gestores Inmobiliarios - Alquileres,6513
681020,SERVICIOS IMPUTADOS DE ALQUILER DE VIVIENDAS,7011,"Alojamiento: hoteles, moteles, complejos turísticos, servicios centrales de reserva (no clasificados en otra parte)",7011
681020,SERVICIOS IMPUTADOS DE ALQUILER DE VIVIENDAS,7394,"Servicios de alquiler y arrendamiento de equipos, alquiler de herramientas, alquiler de muebles y alquiler de electrodomésticos",7394
682000,ACTIVIDADES INMOBILIARIAS REALIZADAS A CAMBIO DE UNA RETRIBUCIÓN O POR CONTRATA,6513,Agentes y Gestores Inmobiliarios - Alquileres,6513
682000,ACTIVIDADES INMOBILIARIAS REALIZADAS A CAMBIO DE UNA RETRIBUCIÓN O POR CONTRATA,7011,"Alojamiento: hoteles, moteles, complejos turísticos, servicios centrales de reserva (no clasificados en otra parte)",7011
691001,SERVICIOS DE ASESORAMIENTO Y REPRESENTACIÓN JURÍDICA,8111,Servicios Legales y Abogados,8111
691002,SERVICIO NOTARIAL,8111,Servicios Legales y Abogados,8111
691002,SERVICIO NOTARIAL,8931,"Servicios de contabilidad, auditoría y teneduría de libros",8931
691002,SERVICIO NOTARIAL,9399,Servicios gubernamentales (no clasificados en otra parte),9399
691003,CONSERVADOR DE BIENES RAÍCES,8111,Servicios Legales y Abogados,8111
691003,CONSERVADOR DE BIENES RAÍCES,8931,"Servicios de contabilidad, auditoría y teneduría de libros",8931
691003,CONSERVADOR DE BIENES RAÍCES,9399,Servicios gubernamentales (no clasificados en otra parte),9399
691004,RECEPTORES JUDICIALES,8111,Servicios Legales y Abogados,8111
691004,RECEPTORES JUDICIALES,8931,"Servicios de contabilidad, auditoría y teneduría de libros",8931
691004,RECEPTORES JUDICIALES,9399,Servicios gubernamentales (no clasificados en otra parte),9399
691009,SERVICIOS DE ARBITRAJE; SÍNDICOS DE QUIEBRA Y PERITOS JUDICIALES; OTRAS ACTIVIDADES JURÍDICAS N.C.P.,7399,"Servicios comerciales, no clasificados en otra parte",7399
691009,SERVICIOS DE ARBITRAJE; SÍNDICOS DE QUIEBRA Y PERITOS JUDICIALES; OTRAS ACTIVIDADES JURÍDICAS N.C.P.,8111,Servicios Legales y Abogados,8111
691009,SERVICIOS DE ARBITRAJE; SÍNDICOS DE QUIEBRA Y PERITOS JUDICIALES; OTRAS ACTIVIDADES JURÍDICAS N.C.P.,8931,"Servicios de contabilidad, auditoría y teneduría de libros",8931
691009,SERVICIOS DE ARBITRAJE; SÍNDICOS DE QUIEBRA Y PERITOS JUDICIALES; OTRAS ACTIVIDADES JURÍDICAS N.C.P.,8999,Servicios profesionales (no definidos en otra parte),8999
691009,SERVICIOS DE ARBITRAJE; SÍNDICOS DE QUIEBRA Y PERITOS JUDICIALES; OTRAS ACTIVIDADES JURÍDICAS N.C.P.,9399,Servicios gubernamentales (no clasificados en otra parte),9399
692000,"ACTIVIDADES DE CONTABILIDAD, TENEDURÍA DE LIBROS Y AUDITORÍA; CONSULTORÍA FISCAL",8931,"Servicios de contabilidad, auditoría y teneduría de libros",8931
701000,ACTIVIDADES DE OFICINAS PRINCIPALES,7399,"Servicios comerciales, no clasificados en otra parte",7399
701000,ACTIVIDADES DE OFICINAS PRINCIPALES,8999,Servicios profesionales (no definidos en otra parte),8999
702000,ACTIVIDADES DE CONSULTORÍA DE GESTIÓN,7399,"Servicios comerciales, no clasificados en otra parte",7399
702000,ACTIVIDADES DE CONSULTORÍA DE GESTIÓN,8999,Servicios profesionales (no definidos en otra parte),8999
711001,"SERVICIOS DE ARQUITECTURA (DISEÑO DE EDIFICIOS, DIBUJO DE PLANOS DE CONSTRUCCIÓN, ENTRE OTROS)",8911,Servicios de Arquitectura – Ingeniería y Topografía,8911
711002,EMPRESAS DE SERVICIOS DE INGENIERÍA Y ACTIVIDADES CONEXAS DE CONSULTORÍA TÉCNICA,8911,Servicios de Arquitectura – Ingeniería y Topografía,8911
711002,EMPRESAS DE SERVICIOS DE INGENIERÍA Y ACTIVIDADES CONEXAS DE CONSULTORÍA TÉCNICA,8999,Servicios profesionales (no definidos en otra parte),8999
711003,SERVICIOS PROFESIONALES DE INGENIERÍA Y ACTIVIDADES CONEXAS DE CONSULTORÍA TÉCNICA,8911,Servicios de Arquitectura – Ingeniería y Topografía,8911
711003,SERVICIOS PROFESIONALES DE INGENIERÍA Y ACTIVIDADES CONEXAS DE CONSULTORÍA TÉCNICA,8999,Servicios profesionales (no definidos en otra parte),8999
712001,ACTIVIDADES DE PLANTAS DE REVISIÓN TÉCNICA PARA VEHÍCULOS AUTOMOTORES,7399,"Servicios comerciales, no clasificados en otra parte",7399
712001,ACTIVIDADES DE PLANTAS DE REVISIÓN TÉCNICA PARA VEHÍCULOS AUTOMOTORES,7534,Talleres de recauchutado y reparación de neumáticos,7534
712001,ACTIVIDADES DE PLANTAS DE REVISIÓN TÉCNICA PARA VEHÍCULOS AUTOMOTORES,9399,Servicios gubernamentales (no clasificados en otra parte),9399
712009,OTROS SERVICIOS DE ENSAYOS Y ANÁLISIS TÉCNICOS (EXCEPTO ACTIVIDADES DE PLANTAS DE REVISIÓN TÉCNICA),8734,Laboratorios de pruebas (no médicos),8734
712009,OTROS SERVICIOS DE ENSAYOS Y ANÁLISIS TÉCNICOS (EXCEPTO ACTIVIDADES DE PLANTAS DE REVISIÓN TÉCNICA),8911,Servicios de Arquitectura – Ingeniería y Topografía,8911
712009,OTROS SERVICIOS DE ENSAYOS Y ANÁLISIS TÉCNICOS (EXCEPTO ACTIVIDADES DE PLANTAS DE REVISIÓN TÉCNICA),8999,Servicios profesionales (no definidos en otra parte),8999
721000,INVESTIGACIONES Y DESARROLLO EXPERIMENTAL EN EL CAMPO DE LAS CIENCIAS NATURALES Y LA INGENIERÍA,8999,Servicios profesionales (no definidos en otra parte),8999
722000,INVESTIGACIONES Y DESARROLLO EXPERIMENTAL EN EL CAMPO DE LAS CIENCIAS SOCIALES Y LAS HUMANIDADES,8999,Servicios profesionales (no definidos en otra parte),8999
731001,SERVICIOS DE PUBLICIDAD PRESTADOS POR EMPRESAS,5966,Marketing directo: comerciante de telemercadeo saliente,5966
731001,SERVICIOS DE PUBLICIDAD PRESTADOS POR EMPRESAS,7311,Servicios de publicidad,7311
731002,SERVICIOS DE PUBLICIDAD PRESTADOS POR PROFESIONALES,2994,Marketing directo: no clasificado en otra parte,2994
731002,SERVICIOS DE PUBLICIDAD PRESTADOS POR PROFESIONALES,7311,Servicios de publicidad,7311
732000,ESTUDIOS DE MERCADO Y ENCUESTAS DE OPINIÓN PÚBLICA,2994,Marketing directo: no clasificado en otra parte,2994
741001,ACTIVIDADES DE DISEÑO DE VESTUARIO,7299,Servicios personales varios (no clasificados en otra parte),7299
741002,ACTIVIDADES DE DISEÑO Y DECORACIÓN DE INTERIORES,7299,Servicios personales varios (no clasificados en otra parte),7299
741009,OTRAS ACTIVIDADES ESPECIALIZADAS DE DISEÑO N.C.P.,7299,Servicios personales varios (no clasificados en otra parte),7299
742001,"SERVICIOS DE REVELADO, IMPRESIÓN Y AMPLIACIÓN DE FOTOGRAFÍAS",7395,"Laboratorios de fotoacabado, revelado de fotografías.",7395
742002,SERVICIOS Y ACTIVIDADES DE FOTOGRAFÍA,7221,Estudios Fotográficos,7221
742003,SERVICIOS PERSONALES DE FOTOGRAFÍA,7299,Servicios personales varios (no clasificados en otra parte),7299
742003,SERVICIOS PERSONALES DE FOTOGRAFÍA,7395,"Laboratorios de fotoacabado, revelado de fotografías.",7395
742003,SERVICIOS PERSONALES DE FOTOGRAFÍA,8999,Servicios profesionales (no definidos en otra parte),8999
749001,ASESORÍA Y GESTIÓN EN LA COMPRA O VENTA DE PEQUEÑAS Y MEDIANAS EMPRESAS,7277,"Servicio de asesoramiento: deudas, matrimonio, personal",7277
749001,ASESORÍA Y GESTIÓN EN LA COMPRA O VENTA DE PEQUEÑAS Y MEDIANAS EMPRESAS,7392,"Servicios de gestión, consultoría y relaciones públicas",7392
749002,SERVICIOS DE TRADUCCIÓN E INTERPRETACIÓN PRESTADOS POR EMPRESAS,7299,Servicios personales varios (no clasificados en otra parte),7299
749002,SERVICIOS DE TRADUCCIÓN E INTERPRETACIÓN PRESTADOS POR EMPRESAS,8999,Servicios profesionales (no definidos en otra parte),8999
749003,SERVICIOS PERSONALES DE TRADUCCIÓN E INTERPRETACIÓN,7299,Servicios personales varios (no clasificados en otra parte),7299
749003,SERVICIOS PERSONALES DE TRADUCCIÓN E INTERPRETACIÓN,8999,Servicios profesionales (no definidos en otra parte),8999
749004,"ACTIVIDADES DE AGENCIAS Y AGENTES DE REPRESENTACIÓN DE ACTORES, DEPORTISTAS Y OTRAS FIGURAS PÚBLICAS",7922,"Productores teatrales (excepto películas), agencias de entradas",7922
749009,"OTRAS ACTIVIDADES PROFESIONALES, CIENTÍFICAS Y TÉCNICAS N.C.P.",8999,Servicios profesionales (no definidos en otra parte),8999
750001,ACTIVIDADES DE CLÍNICAS VETERINARIAS,742,Servicios Veterinarios,742
750002,"ACTIVIDADES DE VETERINARIOS, TÉCNICOS Y OTRO PERSONAL AUXILIAR, PRESTADOS DE FORMA INDEPENDIENTE",742,Servicios Veterinarios,742
771000,ALQUILER DE VEHÍCULOS AUTOMOTORES SIN CHOFER,3355,Alquiler de coches,3355
771000,ALQUILER DE VEHÍCULOS AUTOMOTORES SIN CHOFER,7512,Empresas de alquiler de coches (no enumeradas a continuación),7512
772100,ALQUILER Y ARRENDAMIENTO DE EQUIPO RECREATIVO Y DEPORTIVO,7394,"Servicios de alquiler y arrendamiento de equipos, alquiler de herramientas, alquiler de muebles y alquiler de electrodomésticos",7394
772200,ALQUILER DE CINTAS DE VIDEO Y DISCOS,2946,Tiendas de alquiler de cintas de vídeo,2946
772900,ALQUILER DE OTROS EFECTOS PERSONALES Y ENSERES DOMÉSTICOS (INCLUYE MOBILIARIO PARA EVENTOS),7394,"Servicios de alquiler y arrendamiento de equipos, alquiler de herramientas, alquiler de muebles y alquiler de electrodomésticos",7394
773001,"ALQUILER DE EQUIPOS DE TRANSPORTE SIN OPERARIO, EXCEPTO VEHÍCULOS AUTOMOTORES",7394,"Servicios de alquiler y arrendamiento de equipos, alquiler de herramientas, alquiler de muebles y alquiler de electrodomésticos",7394
773002,"ALQUILER DE MAQUINARIA Y EQUIPO AGROPECUARIO, FORESTAL, DE CONSTRUCCIÓN E ING. CIVIL, SIN OPERARIOS",7394,"Servicios de alquiler y arrendamiento de equipos, alquiler de herramientas, alquiler de muebles y alquiler de electrodomésticos",7394
773003,"ALQUILER DE MAQUINARIA Y EQUIPO DE OFICINA, SIN OPERARIOS (SIN SERVICIO ADMINISTRATIVO)",7394,"Servicios de alquiler y arrendamiento de equipos, alquiler de herramientas, alquiler de muebles y alquiler de electrodomésticos",7394
773009,ALQUILER DE OTROS TIPOS DE MAQUINARIAS Y EQUIPOS SIN OPERARIO N.C.P.,7394,"Servicios de alquiler y arrendamiento de equipos, alquiler de herramientas, alquiler de muebles y alquiler de electrodomésticos",7394
774000,"ARRENDAMIENTO DE PROPIEDAD INTELECTUAL Y SIMILARES, EXCEPTO OBRAS PROTEGIDAS POR DERECHOS DE AUTOR",8111,Servicios Legales y Abogados,8111
781000,ACTIVIDADES DE AGENCIAS DE EMPLEO,7361,"Agencias de empleo, Servicios de ayuda temporal",7361
781000,ACTIVIDADES DE AGENCIAS DE EMPLEO,7392,"Servicios de gestión, consultoría y relaciones públicas",7392
782000,ACTIVIDADES DE AGENCIAS DE EMPLEO TEMPORAL (INCLUYE EMPRESAS DE SERVICIOS TRANSITORIOS),7361,"Agencias de empleo, Servicios de ayuda temporal",7361
782000,ACTIVIDADES DE AGENCIAS DE EMPLEO TEMPORAL (INCLUYE EMPRESAS DE SERVICIOS TRANSITORIOS),7392,"Servicios de gestión, consultoría y relaciones públicas",7392
783000,OTRAS ACTIVIDADES DE DOTACIÓN DE RECURSOS HUMANOS,7361,"Agencias de empleo, Servicios de ayuda temporal",7361
783000,OTRAS ACTIVIDADES DE DOTACIÓN DE RECURSOS HUMANOS,7392,"Servicios de gestión, consultoría y relaciones públicas",7392
791100,ACTIVIDADES DE AGENCIAS DE VIAJES,1344,Agencias de viajes y operaciones turísticas,1344
791200,ACTIVIDADES DE OPERADORES TURÍSTICOS,1344,Agencias de viajes y operaciones turísticas,1344
799000,"OTROS SERVICIOS DE RESERVAS Y ACTIVIDADES CONEXAS (INCLUYE VENTA DE ENTRADAS PARA TEATRO, Y OTROS)",7922,"Productores teatrales (excepto películas), agencias de entradas",7922
801001,SERVICIOS DE SEGURIDAD PRIVADA PRESTADOS POR EMPRESAS,7393,"Servicios de protección y seguridad, incluidos vehículos blindados y perros guardianes",7393
801002,SERVICIO DE TRANSPORTE DE VALORES EN VEHÍCULOS BLINDADOS,7393,"Servicios de protección y seguridad, incluidos vehículos blindados y perros guardianes",7393
801003,SERVICIOS DE SEGURIDAD PRIVADA PRESTADOS POR INDEPENDIENTES,7393,"Servicios de protección y seguridad, incluidos vehículos blindados y perros guardianes",7393
802000,ACTIVIDADES DE SERVICIOS DE SISTEMAS DE SEGURIDAD (INCLUYE SERVICIOS DE CERRAJERÍA),7393,"Servicios de protección y seguridad, incluidos vehículos blindados y perros guardianes",7393
803000,ACTIVIDADES DE INVESTIGACIÓN (INCLUYE ACTIVIDADES DE INVESTIGADORES Y DETECTIVES PRIVADOS),7393,"Servicios de protección y seguridad, incluidos vehículos blindados y perros guardianes",7393
811000,ACTIVIDADES COMBINADAS DE APOYO A INSTALACIONES,1520,Contratistas Generales-Residencial y Comercial,1520
812100,LIMPIEZA GENERAL DE EDIFICIOS,7349,"Limpieza y mantenimiento, Servicios de conserjería",7349
812901,"DESRATIZACIÓN, DESINFECCIÓN Y EXTERMINIO DE PLAGAS NO AGRÍCOLAS",7342,Servicios de exterminio y desinfección,7342
812909,OTRAS ACTIVIDADES DE LIMPIEZA DE EDIFICIOS E INSTALACIONES INDUSTRIALES N.C.P.,7349,"Limpieza y mantenimiento, Servicios de conserjería",7349
813000,"ACTIVIDADES DE PAISAJISMO, SERVICIOS DE JARDINERÍA Y SERVICIOS CONEXOS",780,"Servicios de horticultura, Servicios de paisajismo",780
821100,ACTIVIDADES COMBINADAS DE SERVICIOS ADMINISTRATIVOS DE OFICINA,7339,Servicios de apoyo taquigráfico y de secretaría,7339
821100,ACTIVIDADES COMBINADAS DE SERVICIOS ADMINISTRATIVOS DE OFICINA,7399,"Servicios comerciales, no clasificados en otra parte",7399
821900,"FOTOCOPIADO, PREPARACIÓN DE DOCUMENTOS Y OTRAS ACTIVIDADES ESPECIALIZADAS DE APOYO DE OFICINA",7333,"Fotografía Comercial, Arte y Gráfica",7333
822000,ACTIVIDADES DE CALL-CENTER,1481,"Servicios de fax, Servicios de telecomunicaciones",1481
823000,ORGANIZACIÓN DE CONVENCIONES Y EXPOSICIONES COMERCIALES,7392,"Servicios de gestión, consultoría y relaciones públicas",7392
823000,ORGANIZACIÓN DE CONVENCIONES Y EXPOSICIONES COMERCIALES,7399,"Servicios comerciales, no clasificados en otra parte",7399
829110,ACTIVIDADES DE AGENCIAS DE COBRO,7322,Agencia de cobro de deudas,7322
829120,ACTIVIDADES DE AGENCIAS DE CALIFICACIÓN CREDITICIA,6012,Instituciones Financieras – Mercancías y Servicios,6012
829120,ACTIVIDADES DE AGENCIAS DE CALIFICACIÓN CREDITICIA,6535,Compra de valor: Institución Financiera,6535
829120,ACTIVIDADES DE AGENCIAS DE CALIFICACIÓN CREDITICIA,7321,Agencias de informes crediticios del consumidor,7321
829200,ACTIVIDADES DE ENVASADO Y EMPAQUETADO,5499,Varios. Tiendas de alimentos: tiendas de conveniencia y mercados especializados,5499
829900,OTRAS ACTIVIDADES DE SERVICIOS DE APOYO A LAS EMPRESAS N.C.P.,7392,"Servicios de gestión, consultoría y relaciones públicas",7392
841100,ACTIVIDADES DE LA ADMINISTRACIÓN PÚBLICA EN GENERAL,7392,"Servicios de gestión, consultoría y relaciones públicas",7392
841200,"REGULACIÓN DE LAS ACTIVIDADES DE ORGANISMOS QUE PRESTAN SERVICIOS SANITARIOS, EDUCATIVOS, CULTURALES",8299,Escuelas y servicios educativos (no clasificados en otra parte),8299
841300,REGULACIÓN Y FACILITACIÓN DE LA ACTIVIDAD ECONÓMICA,7321,Agencias de informes crediticios del consumidor,7321
841300,REGULACIÓN Y FACILITACIÓN DE LA ACTIVIDAD ECONÓMICA,7392,"Servicios de gestión, consultoría y relaciones públicas",7392
842100,RELACIONES EXTERIORES,7392,"Servicios de gestión, consultoría y relaciones públicas",7392
842200,ACTIVIDADES DE DEFENSA,7393,"Servicios de protección y seguridad, incluidos vehículos blindados y perros guardianes",7393
842300,ACTIVIDADES DE MANTENIMIENTO DEL ORDEN PÚBLICO Y DE SEGURIDAD,7393,"Servicios de protección y seguridad, incluidos vehículos blindados y perros guardianes",7393
843010,FONDO NACIONAL DE SALUD (FONASA),8099,Servicios médicos y profesionales de la salud (no clasificados en otra parte),8099
843020,INSTITUTO DE PREVISIÓN SOCIAL (IPS),6050,Institución Financiera que vende Cheques,6050
843090,OTROS PLANES DE SEGURIDAD SOCIAL DE AFILIACIÓN OBLIGATORIA N.C.P.,6012,Instituciones Financieras – Mercancías y Servicios,6012
843090,OTROS PLANES DE SEGURIDAD SOCIAL DE AFILIACIÓN OBLIGATORIA N.C.P.,6300,"Ventas, suscripción y primas de seguros",6300
843090,OTROS PLANES DE SEGURIDAD SOCIAL DE AFILIACIÓN OBLIGATORIA N.C.P.,6399,Seguro no clasificado en otra parte (ya no es válido para trabajos de primera presentación),6399
843090,OTROS PLANES DE SEGURIDAD SOCIAL DE AFILIACIÓN OBLIGATORIA N.C.P.,6535,Compra de valor: Institución Financiera,6535
850011,ENSEÑANZA PREESCOLAR PÚBLICA,8299,Escuelas y servicios educativos (no clasificados en otra parte),8299
850011,ENSEÑANZA PREESCOLAR PÚBLICA,8299,Escuelas y servicios educativos (no clasificados en otra parte),8299
850012,"ENSEÑANZA PRIMARIA, SECUNDARIA CIENTÍFICO HUMANISTA Y TÉCNICO PROFESIONAL PÚBLICA",8299,Escuelas y servicios educativos (no clasificados en otra parte),8299
850012,"ENSEÑANZA PRIMARIA, SECUNDARIA CIENTÍFICO HUMANISTA Y TÉCNICO PROFESIONAL PÚBLICA",8299,Escuelas y servicios educativos (no clasificados en otra parte),8299
850021,ENSEÑANZA PREESCOLAR PRIVADA,8299,Escuelas y servicios educativos (no clasificados en otra parte),8299
850021,ENSEÑANZA PREESCOLAR PRIVADA,8299,Escuelas y servicios educativos (no clasificados en otra parte),8299
850022,"ENSEÑANZA PRIMARIA, SECUNDARIA CIENTÍFICO HUMANISTA Y TÉCNICO PROFESIONAL PRIVADA",8299,Escuelas y servicios educativos (no clasificados en otra parte),8299
850022,"ENSEÑANZA PRIMARIA, SECUNDARIA CIENTÍFICO HUMANISTA Y TÉCNICO PROFESIONAL PRIVADA",8299,Escuelas y servicios educativos (no clasificados en otra parte),8299
853110,ENSEÑANZA SUPERIOR EN UNIVERSIDADES PÚBLICAS,8220,"Colegios, colegios universitarios, universidades y escuelas profesionales",8220
853120,ENSEÑANZA SUPERIOR EN UNIVERSIDADES PRIVADAS,8220,"Colegios, colegios universitarios, universidades y escuelas profesionales",8220
853201,ENSEÑANZA SUPERIOR EN INSTITUTOS PROFESIONALES,8220,"Colegios, colegios universitarios, universidades y escuelas profesionales",8220
853202,ENSEÑANZA SUPERIOR EN CENTROS DE FORMACIÓN TÉCNICA,8220,"Colegios, colegios universitarios, universidades y escuelas profesionales",8220
854100,ENSEÑANZA DEPORTIVA Y RECREATIVA,7941,"Deportes comerciales, campos deportivos, clubes deportivos profesionales y promotores deportivos",7941
854100,ENSEÑANZA DEPORTIVA Y RECREATIVA,7997,"Clubes de membresía (deportes, recreación, atletismo), clubes de campo y campos de golf privados",7997
854100,ENSEÑANZA DEPORTIVA Y RECREATIVA,8299,Escuelas y servicios educativos (no clasificados en otra parte),8299
854200,ENSEÑANZA CULTURAL,8299,Escuelas y servicios educativos (no clasificados en otra parte),8299
854901,ENSEÑANZA PREUNIVERSITARIA,8220,"Colegios, colegios universitarios, universidades y escuelas profesionales",8220
854901,ENSEÑANZA PREUNIVERSITARIA,8299,Escuelas y servicios educativos (no clasificados en otra parte),8299
854902,SERVICIOS PERSONALES DE EDUCACIÓN,8299,Escuelas y servicios educativos (no clasificados en otra parte),8299
854902,SERVICIOS PERSONALES DE EDUCACIÓN,8999,Servicios profesionales (no definidos en otra parte),8999
854909,OTROS TIPOS DE ENSEÑANZA N.C.P.,8299,Escuelas y servicios educativos (no clasificados en otra parte),8299
854909,OTROS TIPOS DE ENSEÑANZA N.C.P.,8999,Servicios profesionales (no definidos en otra parte),8999
855000,ACTIVIDADES DE APOYO A LA ENSEÑANZA,8220,"Colegios, colegios universitarios, universidades y escuelas profesionales",8220
855000,ACTIVIDADES DE APOYO A LA ENSEÑANZA,8299,Escuelas y servicios educativos (no clasificados en otra parte),8299
855000,ACTIVIDADES DE APOYO A LA ENSEÑANZA,8299,Escuelas y servicios educativos (no clasificados en otra parte),8299
861010,ACTIVIDADES DE HOSPITALES Y CLÍNICAS PÚBLICAS,8050,Instalaciones de enfermería y cuidado personal,8050
861010,ACTIVIDADES DE HOSPITALES Y CLÍNICAS PÚBLICAS,8062,hospitales,8062
861010,ACTIVIDADES DE HOSPITALES Y CLÍNICAS PÚBLICAS,8082,Cuidado de la salud,8082
861010,ACTIVIDADES DE HOSPITALES Y CLÍNICAS PÚBLICAS,8099,Servicios médicos y profesionales de la salud (no clasificados en otra parte),8099
861020,ACTIVIDADES DE HOSPITALES Y CLÍNICAS PRIVADAS,8050,Instalaciones de enfermería y cuidado personal,8050
861020,ACTIVIDADES DE HOSPITALES Y CLÍNICAS PRIVADAS,8062,hospitales,8062
861020,ACTIVIDADES DE HOSPITALES Y CLÍNICAS PRIVADAS,8082,Cuidado de la salud,8082
861020,ACTIVIDADES DE HOSPITALES Y CLÍNICAS PRIVADAS,8099,Servicios médicos y profesionales de la salud (no clasificados en otra parte),8099
862010,ACTIVIDADES DE CENTROS DE SALUD MUNICIPALIZADOS (SERVICIOS DE SALUD PÚBLICA),8050,Instalaciones de enfermería y cuidado personal,8050
862010,ACTIVIDADES DE CENTROS DE SALUD MUNICIPALIZADOS (SERVICIOS DE SALUD PÚBLICA),8062,hospitales,8062
862010,ACTIVIDADES DE CENTROS DE SALUD MUNICIPALIZADOS (SERVICIOS DE SALUD PÚBLICA),8082,Cuidado de la salud,8082
862010,ACTIVIDADES DE CENTROS DE SALUD MUNICIPALIZADOS (SERVICIOS DE SALUD PÚBLICA),8099,Servicios médicos y profesionales de la salud (no clasificados en otra parte),8099
862021,CENTROS MÉDICOS PRIVADOS (ESTABLECIMIENTOS DE ATENCIÓN AMBULATORIA),8050,Instalaciones de enfermería y cuidado personal,8050
862021,CENTROS MÉDICOS PRIVADOS (ESTABLECIMIENTOS DE ATENCIÓN AMBULATORIA),8062,hospitales,8062
862021,CENTROS MÉDICOS PRIVADOS (ESTABLECIMIENTOS DE ATENCIÓN AMBULATORIA),8082,Cuidado de la salud,8082
862021,CENTROS MÉDICOS PRIVADOS (ESTABLECIMIENTOS DE ATENCIÓN AMBULATORIA),8099,Servicios médicos y profesionales de la salud (no clasificados en otra parte),8099
862022,CENTROS DE ATENCIÓN ODONTOLÓGICA PRIVADOS (ESTABLECIMIENTOS DE ATENCIÓN AMBULATORIA),8021,Dentistas y Ortodoncistas,8021
862022,CENTROS DE ATENCIÓN ODONTOLÓGICA PRIVADOS (ESTABLECIMIENTOS DE ATENCIÓN AMBULATORIA),8062,hospitales,8062
862022,CENTROS DE ATENCIÓN ODONTOLÓGICA PRIVADOS (ESTABLECIMIENTOS DE ATENCIÓN AMBULATORIA),8071,Laboratorios médicos y dentales,8071
862022,CENTROS DE ATENCIÓN ODONTOLÓGICA PRIVADOS (ESTABLECIMIENTOS DE ATENCIÓN AMBULATORIA),8082,Cuidado de la salud,8082
862031,SERVICIOS DE MÉDICOS PRESTADOS DE FORMA INDEPENDIENTE,8082,Cuidado de la salud,8082
862031,SERVICIOS DE MÉDICOS PRESTADOS DE FORMA INDEPENDIENTE,8099,Servicios médicos y profesionales de la salud (no clasificados en otra parte),8099
862032,SERVICIOS DE ODONTÓLOGOS PRESTADOS DE FORMA INDEPENDIENTE,8021,Dentistas y Ortodoncistas,8021
862032,SERVICIOS DE ODONTÓLOGOS PRESTADOS DE FORMA INDEPENDIENTE,8099,Servicios médicos y profesionales de la salud (no clasificados en otra parte),8099
869010,ACTIVIDADES DE LABORATORIOS CLÍNICOS Y BANCOS DE SANGRE,8071,Laboratorios médicos y dentales,8071
869010,ACTIVIDADES DE LABORATORIOS CLÍNICOS Y BANCOS DE SANGRE,8099,Servicios médicos y profesionales de la salud (no clasificados en otra parte),8099
869091,OTROS SERVICIOS DE ATENCIÓN DE LA SALUD HUMANA PRESTADOS POR EMPRESAS,8050,Instalaciones de enfermería y cuidado personal,8050
869091,OTROS SERVICIOS DE ATENCIÓN DE LA SALUD HUMANA PRESTADOS POR EMPRESAS,8062,hospitales,8062
869091,OTROS SERVICIOS DE ATENCIÓN DE LA SALUD HUMANA PRESTADOS POR EMPRESAS,8082,Cuidado de la salud,8082
869092,SERVICIOS PRESTADOS DE FORMA INDEPENDIENTE POR OTROS PROFESIONALES DE LA SALUD,8050,Instalaciones de enfermería y cuidado personal,8050
869092,SERVICIOS PRESTADOS DE FORMA INDEPENDIENTE POR OTROS PROFESIONALES DE LA SALUD,8082,Cuidado de la salud,8082
869092,SERVICIOS PRESTADOS DE FORMA INDEPENDIENTE POR OTROS PROFESIONALES DE LA SALUD,8099,Servicios médicos y profesionales de la salud (no clasificados en otra parte),8099
871000,ACTIVIDADES DE ATENCIÓN DE ENFERMERÍA EN INSTITUCIONES,8050,Instalaciones de enfermería y cuidado personal,8050
871000,ACTIVIDADES DE ATENCIÓN DE ENFERMERÍA EN INSTITUCIONES,8082,Cuidado de la salud,8082
871000,ACTIVIDADES DE ATENCIÓN DE ENFERMERÍA EN INSTITUCIONES,8099,Servicios médicos y profesionales de la salud (no clasificados en otra parte),8099
872000,ACTIVIDADES DE ATENCIÓN EN INSTITUCIONES PARA PERSONAS CON DISCAPACIDAD MENTAL Y TOXICÓMANOS,8050,Instalaciones de enfermería y cuidado personal,8050
872000,ACTIVIDADES DE ATENCIÓN EN INSTITUCIONES PARA PERSONAS CON DISCAPACIDAD MENTAL Y TOXICÓMANOS,8082,Cuidado de la salud,8082
873000,ACTIVIDADES DE ATENCIÓN EN INSTITUCIONES PARA PERSONAS DE EDAD Y PERSONAS CON DISCAPACIDAD FÍSICA,8050,Instalaciones de enfermería y cuidado personal,8050
873000,ACTIVIDADES DE ATENCIÓN EN INSTITUCIONES PARA PERSONAS DE EDAD Y PERSONAS CON DISCAPACIDAD FÍSICA,8082,Cuidado de la salud,8082
879000,OTRAS ACTIVIDADES DE ATENCIÓN EN INSTITUCIONES,1437,Organizaciones caritativas y de servicios sociales,1437
879000,OTRAS ACTIVIDADES DE ATENCIÓN EN INSTITUCIONES,8050,Instalaciones de enfermería y cuidado personal,8050
881000,ACTIVIDADES DE ASISTENCIA SOCIAL SIN ALOJAMIENTO PARA PERSONAS DE EDAD Y PERSONAS CON DISCAPACIDAD,1437,Organizaciones caritativas y de servicios sociales,1437
881000,ACTIVIDADES DE ASISTENCIA SOCIAL SIN ALOJAMIENTO PARA PERSONAS DE EDAD Y PERSONAS CON DISCAPACIDAD,8641,"Asociaciones cívicas, fraternales y sociales",8641
889000,OTRAS ACTIVIDADES DE ASISTENCIA SOCIAL SIN ALOJAMIENTO,1437,Organizaciones caritativas y de servicios sociales,1437
889000,OTRAS ACTIVIDADES DE ASISTENCIA SOCIAL SIN ALOJAMIENTO,8641,"Asociaciones cívicas, fraternales y sociales",8641
900001,"SERVICIOS DE PRODUCCIÓN DE OBRAS DE TEATRO, CONCIERTOS, ESPECTÁCULOS DE DANZA, OTRAS PROD. ESCÉNICAS",7929,"Bandas, orquestas y artistas diversos (no clasificados en otra parte)",7929
900002,"ACTIVIDADES ARTÍSTICAS REALIZADAS POR BANDAS DE MÚSICA, COMPAÑÍAS DE TEATRO, CIRCENSES Y SIMILARES",7929,"Bandas, orquestas y artistas diversos (no clasificados en otra parte)",7929
900003,"ACTIVIDADES DE ARTISTAS REALIZADAS DE FORMA INDEPENDIENTE: ACTORES, MÚSICOS, ESCRITORES, ENTRE OTROS",7929,"Bandas, orquestas y artistas diversos (no clasificados en otra parte)",7929
900004,SERVICIOS PRESTADOS POR PERIODISTAS INDEPENDIENTES,7299,Servicios personales varios (no clasificados en otra parte),7299
900004,SERVICIOS PRESTADOS POR PERIODISTAS INDEPENDIENTES,7392,"Servicios de gestión, consultoría y relaciones públicas",7392
900009,"OTRAS ACTIVIDADES CREATIVAS, ARTÍSTICAS Y DE ENTRETENIMIENTO N.C.P.",7999,Servicios de recreación (no clasificados en otra parte),7999
910100,ACTIVIDADES DE BIBLIOTECAS Y ARCHIVOS,5192,"Libros, publicaciones periódicas y periódicos",5192
910200,"ACTIVIDADES DE MUSEOS, GESTIÓN DE LUGARES Y EDIFICIOS HISTÓRICOS",5971,Marchantes y galerías de arte,5971
910300,"ACTIVIDADES DE JARDINES BOTÁNICOS, ZOOLÓGICOS Y RESERVAS NATURALES",7999,Servicios de recreación (no clasificados en otra parte),7999
920010,ACTIVIDADES DE CASINOS DE JUEGOS,7801,Casinos en línea con licencia gubernamental (apuestas en línea),7801
920010,ACTIVIDADES DE CASINOS DE JUEGOS,7995,"Apuestas (incluidos billetes de lotería, fichas de juegos de casino, apuestas fuera de la pista y apuestas en hipódromos)",7995
920090,OTRAS ACTIVIDADES DE JUEGOS DE AZAR Y APUESTAS N.C.P.,5411,"Tiendas de comestibles, Supermercados",5411
920090,OTRAS ACTIVIDADES DE JUEGOS DE AZAR Y APUESTAS N.C.P.,7801,Casinos en línea con licencia gubernamental (apuestas en línea),7801
920090,OTRAS ACTIVIDADES DE JUEGOS DE AZAR Y APUESTAS N.C.P.,7995,"Apuestas (incluidos billetes de lotería, fichas de juegos de casino, apuestas fuera de la pista y apuestas en hipódromos)",7995
931101,HIPÓDROMOS,7802,Carreras de perros y caballos con licencia del gobierno,7802
931102,GESTIÓN DE SALAS DE BILLAR; GESTIÓN DE SALAS DE BOLOS (BOWLING),7932,Establecimientos de billar y pool,7932
931109,GESTIÓN DE OTRAS INSTALACIONES DEPORTIVAS N.C.P.,7941,"Deportes comerciales, campos deportivos, clubes deportivos profesionales y promotores deportivos",7941
931201,ACTIVIDADES DE CLUBES DE FÚTBOL AMATEUR Y PROFESIONAL,7941,"Deportes comerciales, campos deportivos, clubes deportivos profesionales y promotores deportivos",7941
931209,ACTIVIDADES DE OTROS CLUBES DEPORTIVOS N.C.P.,7941,"Deportes comerciales, campos deportivos, clubes deportivos profesionales y promotores deportivos",7941
931901,PROMOCIÓN Y ORGANIZACIÓN DE COMPETENCIAS DEPORTIVAS,7941,"Deportes comerciales, campos deportivos, clubes deportivos profesionales y promotores deportivos",7941
931909,OTRAS ACTIVIDADES DEPORTIVAS N.C.P.,7941,"Deportes comerciales, campos deportivos, clubes deportivos profesionales y promotores deportivos",7941
932100,ACTIVIDADES DE PARQUES DE ATRACCIONES Y PARQUES TEMÁTICOS,7996,"Parques de atracciones, Carnavales, Circos, Adivinos",7996
932100,ACTIVIDADES DE PARQUES DE ATRACCIONES Y PARQUES TEMÁTICOS,7999,Servicios de recreación (no clasificados en otra parte),7999
932901,GESTIÓN DE SALAS DE POOL; GESTIÓN (EXPLOTACIÓN) DE JUEGOS ELECTRÓNICOS,7932,Establecimientos de billar y pool,7932
932901,GESTIÓN DE SALAS DE POOL; GESTIÓN (EXPLOTACIÓN) DE JUEGOS ELECTRÓNICOS,7994,Salas de juegos/establecimientos de videojuegos,7994
932909,OTRAS ACTIVIDADES DE ESPARCIMIENTO Y RECREATIVAS N.C.P.,7032,Campamentos Deportivos y Recreativos,7032
932909,OTRAS ACTIVIDADES DE ESPARCIMIENTO Y RECREATIVAS N.C.P.,7997,"Clubes de membresía (deportes, recreación, atletismo), clubes de campo y campos de golf privados",7997
932909,OTRAS ACTIVIDADES DE ESPARCIMIENTO Y RECREATIVAS N.C.P.,7999,Servicios de recreación (no clasificados en otra parte),7999
941100,ACTIVIDADES DE ASOCIACIONES EMPRESARIALES Y DE EMPLEADORES,8699,Organizaciones de membresía (no clasificadas en otra parte),8699
941200,ACTIVIDADES DE ASOCIACIONES PROFESIONALES,8699,Organizaciones de membresía (no clasificadas en otra parte),8699
942000,ACTIVIDADES DE SINDICATOS,1437,Organizaciones caritativas y de servicios sociales,1437
949100,ACTIVIDADES DE ORGANIZACIONES RELIGIOSAS,8661,Organizaciones religiosas,8661
949200,ACTIVIDADES DE ORGANIZACIONES POLÍTICAS,8651,Organizaciones políticas,8651
949901,ACTIVIDADES DE CENTROS DE MADRES,1437,Organizaciones caritativas y de servicios sociales,1437
949902,ACTIVIDADES DE CLUBES SOCIALES,1437,Organizaciones caritativas y de servicios sociales,1437
949902,ACTIVIDADES DE CLUBES SOCIALES,7997,"Clubes de membresía (deportes, recreación, atletismo), clubes de campo y campos de golf privados",7997
949902,ACTIVIDADES DE CLUBES SOCIALES,8699,Organizaciones de membresía (no clasificadas en otra parte),8699
949903,FUNDACIONES Y CORPORACIONES; ASOCIACIONES QUE PROMUEVEN ACTIVIDADES CULTURALES O RECREATIVAS,1437,Organizaciones caritativas y de servicios sociales,1437
949904,CONSEJO DE ADMINISTRACIÓN DE EDIFICIOS Y CONDOMINIOS,7349,"Limpieza y mantenimiento, Servicios de conserjería",7349
949909,ACTIVIDADES DE OTRAS ASOCIACIONES N.C.P.,8641,"Asociaciones cívicas, fraternales y sociales",8641
951100,REPARACIÓN DE COMPUTADORES Y EQUIPO PERIFÉRICO,7379,"Servicios de mantenimiento y reparación de computadoras, no clasificados en otra parte",7379
951100,REPARACIÓN DE COMPUTADORES Y EQUIPO PERIFÉRICO,7699,Talleres de reparación y servicios relacionados –Varios,7699
951200,REPARACIÓN DE EQUIPO DE COMUNICACIONES (INCLUYE LA REPARACIÓN TELÉFONOS CELULARES),7622,Talleres de reparación de radios,7622
951200,REPARACIÓN DE EQUIPO DE COMUNICACIONES (INCLUYE LA REPARACIÓN TELÉFONOS CELULARES),7699,Talleres de reparación y servicios relacionados –Varios,7699
952100,REPARACIÓN DE APARATOS ELECTRÓNICOS DE CONSUMO (INCLUYE APARATOS DE TELEVISIÓN Y RADIO),7629,Talleres De Reparación De Electricidad Y Pequeños Electrodomésticos,7629
952100,REPARACIÓN DE APARATOS ELECTRÓNICOS DE CONSUMO (INCLUYE APARATOS DE TELEVISIÓN Y RADIO),7699,Talleres de reparación y servicios relacionados –Varios,7699
952200,"REPARACIÓN DE APARATOS DE USO DOMÉSTICO, EQUIPO DOMÉSTICO Y DE JARDINERÍA",7629,Talleres De Reparación De Electricidad Y Pequeños Electrodomésticos,7629
952200,"REPARACIÓN DE APARATOS DE USO DOMÉSTICO, EQUIPO DOMÉSTICO Y DE JARDINERÍA",7641,"Mobiliario, Reparación de muebles y Acabado de muebles",7641
952200,"REPARACIÓN DE APARATOS DE USO DOMÉSTICO, EQUIPO DOMÉSTICO Y DE JARDINERÍA",7699,Talleres de reparación y servicios relacionados –Varios,7699
952300,REPARACIÓN DE CALZADO Y DE ARTÍCULOS DE CUERO,7251,"Tiendas, talleres de reparación, lustrados de calzado y talleres de limpieza de sombreros.",7251
952300,REPARACIÓN DE CALZADO Y DE ARTÍCULOS DE CUERO,7699,Talleres de reparación y servicios relacionados –Varios,7699
952400,REPARACIÓN DE MUEBLES Y ACCESORIOS DOMÉSTICOS,5832,"Tiendas de antigüedades – Servicios de venta, reparación y restauración",5832
952400,REPARACIÓN DE MUEBLES Y ACCESORIOS DOMÉSTICOS,7641,"Mobiliario, Reparación de muebles y Acabado de muebles",7641
952400,REPARACIÓN DE MUEBLES Y ACCESORIOS DOMÉSTICOS,7699,Talleres de reparación y servicios relacionados –Varios,7699
952900,REPARACIÓN DE OTROS EFECTOS PERSONALES Y ENSERES DOMÉSTICOS,7629,Talleres De Reparación De Electricidad Y Pequeños Electrodomésticos,7629
952900,REPARACIÓN DE OTROS EFECTOS PERSONALES Y ENSERES DOMÉSTICOS,7699,Talleres de reparación y servicios relacionados –Varios,7699
960100,"LAVADO Y LIMPIEZA, INCLUIDA LA LIMPIEZA EN SECO, DE PRODUCTOS TEXTILES Y DE PIEL",2842,"Preparaciones especiales de limpieza, pulido y saneamiento",2842
960100,"LAVADO Y LIMPIEZA, INCLUIDA LA LIMPIEZA EN SECO, DE PRODUCTOS TEXTILES Y DE PIEL",7217,Limpieza de alfombras y tapizados,7217
960200,PELUQUERÍA Y OTROS TRATAMIENTOS DE BELLEZA,7230,Peluquerías y salones de belleza,7230
960310,SERVICIOS FUNERARIOS,7261,Servicio Funerario y Crematorios,7261
960320,SERVICIOS DE CEMENTERIOS,7261,Servicio Funerario y Crematorios,7261
960901,"SERVICIOS DE ADIESTRAMIENTO, GUARDERÍA, PELUQUERÍA, PASEO DE MASCOTAS (EXCEPTO ACT. VETERINARIAS)",7299,Servicios personales varios (no clasificados en otra parte),7299
960902,"ACTIVIDADES DE SALONES DE MASAJES, BAÑOS TURCOS, SAUNAS, SERVICIO DE BAÑOS PÚBLICOS",5996,"Piscinas: ventas, servicios y suministros",5996
960902,"ACTIVIDADES DE SALONES DE MASAJES, BAÑOS TURCOS, SAUNAS, SERVICIO DE BAÑOS PÚBLICOS",7232,Salones de masajes,7232
960909,OTRAS ACTIVIDADES DE SERVICIOS PERSONALES N.C.P.,7299,Servicios personales varios (no clasificados en otra parte),7299
970000,ACTIVIDADES DE LOS HOGARES COMO EMPLEADORES DE PERSONAL DOMÉSTICO,7299,Servicios personales varios (no clasificados en otra parte),7299
970000,ACTIVIDADES DE LOS HOGARES COMO EMPLEADORES DE PERSONAL DOMÉSTICO,7349,"Limpieza y mantenimiento, Servicios de conserjería",7349
970000,ACTIVIDADES DE LOS HOGARES COMO EMPLEADORES DE PERSONAL DOMÉSTICO,8351,Servicios de cuidado infantil,8351
990000,ACTIVIDADES DE ORGANIZACIONES Y ÓRGANOS EXTRATERRITORIALES,1437,Organizaciones caritativas y de servicios sociales,1437
990000,ACTIVIDADES DE ORGANIZACIONES Y ÓRGANOS EXTRATERRITORIALES,8651,Organizaciones políticas,8651
990000,ACTIVIDADES DE ORGANIZACIONES Y ÓRGANOS EXTRATERRITORIALES,8661,Organizaciones religiosas,8661
990000,ACTIVIDADES DE ORGANIZACIONES Y ÓRGANOS EXTRATERRITORIALES,8699,Organizaciones de membresía (no clasificadas en otra parte),8699
581300,"EDICIÓN DE DIARIOS, REVISTAS Y OTRAS PUBLICACIONES PERIÓDICAS",5192,"Libros, publicaciones periódicas y periódicos",5192
869091,OTROS SERVICIOS DE ATENCIÓN DE LA SALUD HUMANA PRESTADOS POR EMPRESAS,4119,SERVICIOS DE AMBULANCIA,4119
492120,TRANSPORTE URBANO Y SUBURBANO DE PASAJEROS VÍA LOCOMOCIÓN COLECTIVA,4131,LÍNEAS DE BUSES,4131
492250,TRANSPORTE DE PASAJEROS EN BUSES INTERURBANOS ,4131,LÍNEAS DE BUSES,4131
492300,TRANSPORTE DE CARGA POR CARRETERA,4215,SERVICIOS DE ENTREGA Y FLETES,4215
501100,TRANSPORTE DE PASAJEROS MARÍTIMO Y DE CABOTAJE,4411,CRUCEROS,4411
502100,TRANSPORTE DE PASAJEROS POR VÍAS DE NAVEGACIÓN INTERIORES,4411,CRUCEROS,4411
210000,"FABRICACIÓN DE PRODUCTOS FARMACÉUTICOS, SUSTANCIAS QUÍMICAS MEDICINALES Y PRODUCTOS BOTÁNICOS",5122,LABORATORIOS FARMACÉUTICOS,5122
464907,VENTA AL POR MAYOR DE PRODUCTOS FARMACÉUTICOS Y MEDICINALES ,5122,LABORATORIOS FARMACÉUTICOS,5122
477399,VENTA AL POR MENOR DE OTROS PRODUCTOS EN COMERCIOS ESPECIALIZADOS N.C.P.,5309,TIENDAS LIBRES DE IMPUESTOS,5309
471910,VENTA AL POR MENOR EN COMERCIOS DE VESTUARIO Y PRODUCTOS PARA EL HOGAR (GRANDES TIENDAS),5311,GRANDES TIENDAS,5311
477399,VENTA AL POR MENOR DE OTROS PRODUCTOS EN COMERCIOS ESPECIALIZADOS N.C.P.,5331,TIENDAS DE VARIEDADES,5331
453000,"VENTA DE PARTES, PIEZAS Y ACCESORIOS PARA VEHÍCULOS AUTOMOTORES",5532,TIENDAS DE NEUMÁTICOS AUTOMOTRICES,5532
451002,VENTA AL POR MENOR DE VEHÍCULOS AUTOMOTORES NUEVOS O USADOS (INCLUYE COMPRAVENTA),5592,DISTRIBUIDORES DE CASAS RODANTES,5592
451002,VENTA AL POR MENOR DE VEHÍCULOS AUTOMOTORES NUEVOS O USADOS (INCLUYE COMPRAVENTA),5598,DISTRIBUIDORES DE VEHÍCULOS PARA LA NIEVE,5598
477102,VENTA AL POR MENOR DE PRENDAS Y ACCESORIOS DE VESTIR EN COMERCIOS ESPECIALIZADOS,5621,TIENDAS LISTAS PARA USAR PARA MUJERES,5621
477102,VENTA AL POR MENOR DE PRENDAS Y ACCESORIOS DE VESTIR EN COMERCIOS ESPECIALIZADOS,5681,TIENDAS DE PIELES,5681
477102,VENTA AL POR MENOR DE PRENDAS Y ACCESORIOS DE VESTIR EN COMERCIOS ESPECIALIZADOS,5697,"SASTRES, COSTURERAS, ARREGLOS Y MODIFICACIONES",5697
741001,ACTIVIDADES DE DISEÑO DE VESTUARIO,5697,"SASTRES, COSTURERAS, ARREGLOS Y MODIFICACIONES",5697
960200,PELUQUERÍA Y OTROS TRATAMIENTOS DE BELLEZA,5698,TIENDAS DE PELUCAS Y BISOÑÉS,5698
475300,"VENTA AL POR MENOR DE TAPICES, ALFOMBRAS Y CUBRIMIENTOS PARA PAREDES Y PISOS",5713,TIENDAS DE REVESTIMIENTO DE PISOS,5713
477201,VENTA AL POR MENOR DE PRODUCTOS FARMACÉUTICOS Y MEDICINALES EN COMERCIOS ESPECIALIZADOS,5912,FARMACIAS,5912
742002,SERVICIOS Y ACTIVIDADES DE FOTOGRAFÍA ,5946,TIENDAS DE CÁMARAS Y SUMINISTROS FOTOGRÁFICOS,5946
742003,SERVICIOS PERSONALES DE FOTOGRAFÍA ,5946,TIENDAS DE CÁMARAS Y SUMINISTROS FOTOGRÁFICOS,5946
477103,"VENTA AL POR MENOR DE CARTERAS, MALETAS Y OTROS ACCESORIOS DE VIAJE EN COMERCIOS ESPECIALIZADOS",5948,TIENDAS DE EQUIPAJE Y ARTÍCULOS DE CUERO,5948
479903,VENTA AL POR MENOR POR COMISIONISTAS (NO DEPENDIENTES DE COMERCIOS),5965,MARKETING DIRECTO: MINORISTAS QUE VENDEN POR CATÁLOGO,5965
477396,"VENTA AL POR MENOR DE RECUERDOS, ARTESANÍAS Y ARTÍCULOS RELIGIOSOS EN COMERCIOS ESPECIALIZADOS",5973,TIENDAS DE ARTÍCULOS RELIGIOSOS,5973
476102,VENTA AL POR MENOR DE DIARIOS Y REVISTAS EN COMERCIOS ESPECIALIZADOS,5994,QUIOSCOS,5994
477399,VENTA AL POR MENOR DE OTROS PRODUCTOS EN COMERCIOS ESPECIALIZADOS N.C.P.,5998,TIENDAS DE CARPAS Y TOLDOS,5998
551009,OTRAS ACTIVIDADES DE ALOJAMIENTO PARA TURISTAS N.C.P.,7012,TIEMPO COMPARTIDO,7012
559009,OTRAS ACTIVIDADES DE ALOJAMIENTO N.C.P.,7012,TIEMPO COMPARTIDO,7012
960100,"LAVADO Y LIMPIEZA, INCLUIDA LA LIMPIEZA EN SECO, DE PRODUCTOS TEXTILES Y DE PIEL",7211,LAVANDERÍAS DE AUTOSERVICIO,7211
692000,"ACTIVIDADES DE CONTABILIDAD, TENEDURÍA DE LIBROS Y AUDITORÍA; CONSULTORÍA FISCAL",7276,SERVICIOS DE PREPARACIÓN DE DECLARACIONES DE IMPUESTOS,7276
749001,ASESORÍA Y GESTIÓN EN LA COMPRA O VENTA DE PEQUEÑAS Y MEDIANAS EMPRESAS,7278,SERVICIOS DE ASESORAMIENTO: COMPRA Y VENTA DE BIENES,7278
772900,ALQUILER DE OTROS EFECTOS PERSONALES Y ENSERES DOMÉSTICOS (INCLUYE MOBILIARIO PARA EVENTOS),7296,"ARRIENDO DE ROPA: DISFRACES, UNIFORMES, ROPA FORMAL",7296
960902,"ACTIVIDADES DE SALONES DE MASAJES, BAÑOS TURCOS, SAUNAS, SERVICIO DE BAÑOS PÚBLICOS",7297,SALONES DE MASAJE,7297
960200,PELUQUERÍA Y OTROS TRATAMIENTOS DE BELLEZA,7298,SPAS DE SALUD Y BELLEZA,7298
732000,ESTUDIOS DE MERCADO Y ENCUESTAS DE OPINIÓN PÚBLICA,7375,SERVICIOS DE ENCUESTAS Y RECOLECCIÓN DE INFORMACIÓN,7375
771000,ALQUILER DE VEHÍCULOS AUTOMOTORES SIN CHOFER,7513,ARRIENDO DE CAMIONES Y REMOLQUES,7513
773001,"ALQUILER DE EQUIPOS DE TRANSPORTE SIN OPERARIO, EXCEPTO VEHÍCULOS AUTOMOTORES",7513,ARRIENDO DE CAMIONES Y REMOLQUES,7513
773002,"ALQUILER DE MAQUINARIA Y EQUIPO AGROPECUARIO, FORESTAL, DE CONSTRUCCIÓN E ING. CIVIL, SIN OPERARIOS",7513,ARRIENDO DE CAMIONES Y REMOLQUES,7513
773009,ALQUILER DE OTROS TIPOS DE MAQUINARIAS Y EQUIPOS SIN OPERARIO N.C.P.,7513,ARRIENDO DE CAMIONES Y REMOLQUES,7513
771000,ALQUILER DE VEHÍCULOS AUTOMOTORES SIN CHOFER,7519,ARRIENDO DE CASAS RODANTES Y VEHÍCULOS RECREATIVOS,7519
772200,ALQUILER DE CINTAS DE VIDEO Y DISCOS,7841,ARRIENDO DE PELÍCULAS,7841
900002,"ACTIVIDADES ARTÍSTICAS REALIZADAS POR BANDAS DE MÚSICA, COMPAÑÍAS DE TEATRO, CIRCENSES Y SIMILARES",7911,"SALONES DE BAILE, ESTUDIOS Y ESCUELAS",7911
931102,GESTIÓN DE SALAS DE BILLAR; GESTIÓN DE SALAS DE BOLOS (BOWLING),7933,SALONES DE BOLOS,7933
910100,ACTIVIDADES DE BIBLIOTECAS Y ARCHIVOS,7991,EXHIBICIONES Y ATRACCIONES TURISTICAS,7991
910200,"ACTIVIDADES DE MUSEOS, GESTIÓN DE LUGARES Y EDIFICIOS HISTÓRICOS",7991,EXHIBICIONES Y ATRACCIONES TURISTICAS,7991
931109,GESTIÓN DE OTRAS INSTALACIONES DEPORTIVAS N.C.P.,7992,CAMPOS DE GOLF PÚBLICOS,7992
931209,ACTIVIDADES DE OTROS CLUBES DEPORTIVOS N.C.P.,7992,CAMPOS DE GOLF PÚBLICOS,7992
910300,"ACTIVIDADES DE JARDINES BOTÁNICOS, ZOOLÓGICOS Y RESERVAS NATURALES",7998,"ACUARIOS, ACUARIOS MARINOS Y ZOOLÓGICOS",7998
749009,"OTRAS ACTIVIDADES PROFESIONALES, CIENTÍFICAS Y TÉCNICAS N.C.P.",8011,DOCTORES Y MÉDICOS (NO CLASIFICADOS EN OTRA PARTE),8011
862031,SERVICIOS DE MÉDICOS PRESTADOS DE FORMA INDEPENDIENTE,8011,DOCTORES Y MÉDICOS (NO CLASIFICADOS EN OTRA PARTE),8011
862031,SERVICIOS DE MÉDICOS PRESTADOS DE FORMA INDEPENDIENTE,8042,OPTOMETRISTAS Y OFTALMÓLOGOS,8042
869091,OTROS SERVICIOS DE ATENCIÓN DE LA SALUD HUMANA PRESTADOS POR EMPRESAS,8049,PODÓLOGOS Y PEDICURISTAS,8049
869092,SERVICIOS PRESTADOS DE FORMA INDEPENDIENTE POR OTROS PROFESIONALES DE LA SALUD,8049,PODÓLOGOS Y PEDICURISTAS,8049
850012,"ENSEÑANZA PRIMARIA, SECUNDARIA CIENTÍFICO HUMANISTA Y TÉCNICO PROFESIONAL PÚBLICA",8211,ESCUELAS PRIMARIAS Y SECUNDARIAS,8211
850022,"ENSEÑANZA PRIMARIA, SECUNDARIA CIENTÍFICO HUMANISTA Y TÉCNICO PROFESIONAL PRIVADA",8211,ESCUELAS PRIMARIAS Y SECUNDARIAS,8211
854909,OTROS TIPOS DE ENSEÑANZA N.C.P.,8241,ESCUELAS POR CORRESPONDENCIA,8241
854909,OTROS TIPOS DE ENSEÑANZA N.C.P.,8244,ESCUELAS DE NEGOCIOS Y SECRETARIADO,8244
854909,OTROS TIPOS DE ENSEÑANZA N.C.P.,8249,ESCUELAS VOCACIONALES Y COMERCIALES,8249
881000,ACTIVIDADES DE ASISTENCIA SOCIAL SIN ALOJAMIENTO PARA PERSONAS DE EDAD Y PERSONAS CON DISCAPACIDAD,8398,ORGANIZACIONES DE SERVICIO SOCIAL CARITATIVO,8398
889000,OTRAS ACTIVIDADES DE ASISTENCIA SOCIAL SIN ALOJAMIENTO,8398,ORGANIZACIONES DE SERVICIO SOCIAL CARITATIVO,8398
949903,FUNDACIONES Y CORPORACIONES; ASOCIACIONES QUE PROMUEVEN ACTIVIDADES CULTURALES O RECREATIVAS,8398,ORGANIZACIONES DE SERVICIO SOCIAL CARITATIVO,8398
949909,ACTIVIDADES DE OTRAS ASOCIACIONES N.C.P.,8398,ORGANIZACIONES DE SERVICIO SOCIAL CARITATIVO,8398
522910,AGENCIAS DE ADUANAS,9311,PAGO DE IMPUESTOS,9311
591300,"ACTIVIDADES DE DISTRIBUCIÓN DE PELÍCULAS CINEMATOGRÁFICAS, VIDEOS Y PROGRAMAS DE TELEVISIÓN",7841,ARRIENDO DE PELÍCULAS,7841
14102,CRÍA DE GANADO BOVINO PARA LA PRODUCCIÓN DE CARNE O COMO GANADO REPRODUCTOR,5422,Proveedores de carne – Congelador y casillero,5422
14200,CRÍA DE CABALLOS Y OTROS EQUINOS,5399,Varios. Mercancía General,5399
14300,"CRÍA DE LLAMAS, ALPACAS, VICUÑAS, GUANACOS Y OTROS CAMÉLIDOS",5399,Varios. Mercancía General,5399
14410,CRÍA DE OVEJAS (OVINOS),5399,Varios. Mercancía General,5399
14420,CRÍA DE CABRAS (CAPRINOS),5399,Varios. Mercancía General,5399
14500,CRÍA DE CERDOS,5399,Varios. Mercancía General,5399
14601,CRÍA DE AVES DE CORRAL PARA LA PRODUCCIÓN DE CARNE,5422,Proveedores de carne – Congelador y casillero,5422
14602,CRÍA DE AVES DE CORRAL PARA LA PRODUCCIÓN DE HUEVOS,5499,Varios. Tiendas de alimentos: tiendas de conveniencia y mercados especializados,5499
14901,APICULTURA,5499,Varios. Tiendas de alimentos: tiendas de conveniencia y mercados especializados,5499
14901,APICULTURA,7299,Servicios personales varios (no clasificados en otra parte),7299
14909,CRÍA DE OTROS ANIMALES N.C.P.,7299,Servicios personales varios (no clasificados en otra parte),7299
16200,ACTIVIDADES DE APOYO A LA GANADERÍA,1799,"Contratistas: comercio especial, no clasificados en otra parte",1799
17000,CAZA ORDINARIA Y MEDIANTE TRAMPAS Y ACTIVIDADES DE SERVICIOS CONEXAS,7299,Servicios personales varios (no clasificados en otra parte),7299
22000,EXTRACCIÓN DE MADERA,5211,Tiendas de madera y materiales de construcción,5211
23000,RECOLECCIÓN DE PRODUCTOS FORESTALES DISTINTOS DE LA MADERA,780,"Servicios de horticultura, Servicios de paisajismo",780
31110,"PESCA MARÍTIMA INDUSTRIAL, EXCEPTO DE BARCOS FACTORÍA",5399,Varios. Mercancía General,5399
31120,PESCA MARÍTIMA ARTESANAL,7299,Servicios personales varios (no clasificados en otra parte),7299
31130,RECOLECCIÓN Y EXTRACCIÓN DE PRODUCTOS MARINOS,7299,Servicios personales varios (no clasificados en otra parte),7299
31130,RECOLECCIÓN Y EXTRACCIÓN DE PRODUCTOS MARINOS,5499,Varios. Tiendas de alimentos: tiendas de conveniencia y mercados especializados,5499
31140,SERVICIOS RELACIONADOS CON LA PESCA MARÍTIMA,7299,Servicios personales varios (no clasificados en otra parte),7299
31140,SERVICIOS RELACIONADOS CON LA PESCA MARÍTIMA,5499,Varios. Tiendas de alimentos: tiendas de conveniencia y mercados especializados,5499
31200,PESCA DE AGUA DULCE,7299,Servicios personales varios (no clasificados en otra parte),7299
32110,CULTIVO Y CRIANZA DE PECES MARINOS,7299,Servicios personales varios (no clasificados en otra parte),7299
32110,CULTIVO Y CRIANZA DE PECES MARINOS,5499,Varios. Tiendas de alimentos: tiendas de conveniencia y mercados especializados,5499
32110,CULTIVO Y CRIANZA DE PECES MARINOS,5399,Varios. Mercancía General,5399
32120,"CULTIVO, REPRODUCCIÓN Y MANEJO DE ALGAS MARINAS",7299,Servicios personales varios (no clasificados en otra parte),7299
32120,"CULTIVO, REPRODUCCIÓN Y MANEJO DE ALGAS MARINAS",5399,Varios. Mercancía General,5399
32130,"REPRODUCCIÓN Y CRÍA DE MOLUSCOS, CRUSTÁCEOS Y GUSANOS MARINOS",5399,Varios. Mercancía General,5399
32130,"REPRODUCCIÓN Y CRÍA DE MOLUSCOS, CRUSTÁCEOS Y GUSANOS MARINOS",7299,Servicios personales varios (no clasificados en otra parte),7299
32140,SERVICIOS RELACIONADOS CON LA ACUICULTURA MARINA,7299,Servicios personales varios (no clasificados en otra parte),7299
32140,SERVICIOS RELACIONADOS CON LA ACUICULTURA MARINA,5499,Varios. Tiendas de alimentos: tiendas de conveniencia y mercados especializados,5499
32200,ACUICULTURA DE AGUA DULCE,7299,Servicios personales varios (no clasificados en otra parte),7299
32200,ACUICULTURA DE AGUA DULCE,5499,Varios. Tiendas de alimentos: tiendas de conveniencia y mercados especializados,5499
101011,"EXPLOTACIÓN DE MATADEROS DE BOVINOS, OVINOS, EQUINOS, CAPRINOS, PORCINOS Y CAMÉLIDOS",5499,Varios. Tiendas de alimentos: tiendas de conveniencia y mercados especializados,5499
101019,EXPLOTACIÓN DE MATADEROS DE AVES Y DE OTROS TIPOS DE ANIMALES N.C.P.,5499,Varios. Tiendas de alimentos: tiendas de conveniencia y mercados especializados,5499
102010,PRODUCCIÓN DE HARINA DE PESCADO,5499,Varios. Tiendas de alimentos: tiendas de conveniencia y mercados especializados,5499
461001,CORRETAJE AL POR MAYOR DE PRODUCTOS AGRÍCOLAS,5499,Varios. Tiendas de alimentos: tiendas de conveniencia y mercados especializados,5499
461002,CORRETAJE AL POR MAYOR DE GANADO,5499,Varios. Tiendas de alimentos: tiendas de conveniencia y mercados especializados,5499
462020,VENTA AL POR MAYOR DE ANIMALES VIVOS,5995,"Tiendas de mascotas, tiendas de alimentos y suministros para mascotas",5995
791100,ACTIVIDADES DE AGENCIAS DE VIAJES,4722,Agencias de viajes y operaciones turísticas,4722
791200,ACTIVIDADES DE OPERADORES TURÍSTICOS,4722,Agencias de viajes y operaciones turísticas,4722
942000,ACTIVIDADES DE SINDICATOS,7299,Servicios personales varios (no clasificados en otra parte),7299
949901,ACTIVIDADES DE CENTROS DE MADRES,7999,Servicios de recreación (no clasificados en otra parte),7999
822000,ACTIVIDADES DE CALL-CENTER,4814,"Servicios de fax, Servicios de telecomunicaciones",4814
732000,ESTUDIOS DE MERCADO Y ENCUESTAS DE OPINIÓN PÚBLICA,5966,Marketing directo: comerciante de telemercadeo saliente,5966
302000,FABRICACIÓN DE LOCOMOTORAS Y MATERIAL RODANTE,7699,Talleres de reparación y servicios relacionados –Varios,7699
263000,FABRICACIÓN DE EQUIPO DE COMUNICACIONES,5732,Ventas Electrónicas,5732
273100,FABRICACIÓN DE CABLES DE FIBRA ÓPTICA,5085,"Suministros industriales, no clasificados en otra parte",5085
273300,FABRICACIÓN DE DISPOSITIVOS DE CABLEADO,5085,"Suministros industriales, no clasificados en otra parte",5085
465200,"VENTA AL POR MAYOR DE EQUIPO, PARTES Y PIEZAS ELECTRÓNICOS Y DE TELECOMUNICACIONES",5732,Ventas Electrónicas,5732
271000,"FABRICACIÓN DE MOTORES, GENERADORES Y TRANSFORMADORES ELÉCTRICOS, APARATOS DE DISTRIBUCIÓN Y CONTROL",5085,"Suministros industriales, no clasificados en otra parte",5085
309900,FABRICACIÓN DE OTROS TIPOS DE EQUIPO DE TRANSPORTE N.C.P.,7538,Talleres de servicio automotriz,7538
454002,"VENTA DE PARTES, PIEZAS Y ACCESORIOS DE MOTOCICLETAS",5511,"Concesionarios de automóviles y camiones (nuevos y usados) Ventas, servicios, reparaciones, repuestos y arrendamiento",5511
454002,"VENTA DE PARTES, PIEZAS Y ACCESORIOS DE MOTOCICLETAS",5533,"Repuestos de automóviles, Tiendas de accesorios",5533
239100,FABRICACIÓN DE PRODUCTOS REFRACTARIOS,5211,Tiendas de madera y materiales de construcción,5211
239200,FABRICACIÓN DE MATERIALES DE CONSTRUCCIÓN DE ARCILLA,5211,Tiendas de madera y materiales de construcción,5211
239400,"FABRICACIÓN DE CEMENTO, CAL Y YESO",5211,Tiendas de madera y materiales de construcción,5211
239500,"FABRICACIÓN DE ARTÍCULOS DE HORMIGÓN, CEMENTO Y YESO",5211,Tiendas de madera y materiales de construcción,5211
239600,"CORTE, TALLA Y ACABADO DE LA PIEDRA",5970,Tiendas de artesanía y suministros para artistas,5970
251300,"FABRICACIÓN DE GENERADORES DE VAPOR, EXCEPTO CALDERAS DE AGUA CALIENTE PARA CALEFACCIÓN CENTRAL",5085,"Suministros industriales, no clasificados en otra parte",5085
281100,"FABRICACIÓN DE MOTORES Y TURBINAS, EXCEPTO PARA AERONAVES, VEHÍCULOS AUTOMOTORES Y MOTOCICLETAS",5085,"Suministros industriales, no clasificados en otra parte",5085
281200,FABRICACIÓN DE EQUIPO DE PROPULSIÓN DE FLUIDOS,5047,"Equipos y suministros médicos, dentales, oftalmológicos y hospitalarios.",5047
281300,"FABRICACIÓN DE OTRAS BOMBAS, COMPRESORES, GRIFOS Y VÁLVULAS",5085,"Suministros industriales, no clasificados en otra parte",5085
281500,"FABRICACIÓN DE HORNOS, CALDERAS Y QUEMADORES",5085,"Suministros industriales, no clasificados en otra parte",5085
281600,FABRICACIÓN DE EQUIPO DE ELEVACIÓN Y MANIPULACIÓN,5085,"Suministros industriales, no clasificados en otra parte",5085
282100,FABRICACIÓN DE MAQUINARIA AGROPECUARIA Y FORESTAL,5085,"Suministros industriales, no clasificados en otra parte",5085
282200,FABRICACIÓN DE MAQUINARIA PARA LA CONFORMACIÓN DE METALES Y DE MÁQUINAS HERRAMIENTA,5085,"Suministros industriales, no clasificados en otra parte",5085
282300,FABRICACIÓN DE MAQUINARIA METALÚRGICA,5085,"Suministros industriales, no clasificados en otra parte",5085
282400,FABRICACIÓN DE MAQUINARIA PARA LA EXPLOTACIÓN DE MINAS Y CANTERAS Y PARA OBRAS DE CONSTRUCCIÓN,5085,"Suministros industriales, no clasificados en otra parte",5085
282500,"FABRICACIÓN DE MAQUINARIA PARA LA ELABORACIÓN DE ALIMENTOS, BEBIDAS Y TABACO",5085,"Suministros industriales, no clasificados en otra parte",5085
282600,"FABRICACIÓN DE MAQUINARIA PARA LA ELABORACIÓN DE PRODUCTOS TEXTILES, PRENDAS DE VESTIR Y CUEROS",5949,"Tiendas de artículos de costura, agujas, telas y precios",5949
282900,FABRICACIÓN DE OTROS TIPOS DE MAQUINARIA DE USO ESPECIAL,5085,"Suministros industriales, no clasificados en otra parte",5085
465300,"VENTA AL POR MAYOR DE MAQUINARIA, EQUIPO Y MATERIALES AGROPECUARIOS",5085,"Suministros industriales, no clasificados en otra parte",5085
465901,"VENTA AL POR MAYOR DE MAQUINARIA METALÚRGICA, PARA LA MINERÍA, EXTRACCIÓN DE PETRÓLEO Y CONSTRUCCIÓN",5085,"Suministros industriales, no clasificados en otra parte",5085
465902,"VENTA AL POR MAYOR DE MAQUINARIA PARA LA ELABORACIÓN DE ALIMENTOS, BEBIDAS Y TABACO",5085,"Suministros industriales, no clasificados en otra parte",5085
465903,"VENTA AL POR MAYOR DE MAQUINARIA PARA LA INDUSTRIA TEXTIL, DEL CUERO Y DEL CALZADO",5949,"Tiendas de artículos de costura, agujas, telas y precios",5949
465905,"VENTA AL POR MAYOR DE EQUIPO DE TRANSPORTE(EXCEPTO VEHÍCULOS AUTOMOTORES, MOTOCICLETAS Y BICICLETAS)",5511,"Concesionarios de automóviles y camiones (nuevos y usados) Ventas, servicios, reparaciones, repuestos y arrendamiento",5511
465909,VENTA AL POR MAYOR DE OTROS TIPOS DE MAQUINARIA Y EQUIPO N.C.P.,5085,"Suministros industriales, no clasificados en otra parte",5085
191000,FABRICACIÓN DE PRODUCTOS DE HORNOS DE COQUE,5085,"Suministros industriales, no clasificados en otra parte",5085
241000,INDUSTRIAS BÁSICAS DE HIERRO Y ACERO,5085,"Suministros industriales, no clasificados en otra parte",5085
242009,FABRICACIÓN DE PRODUCTOS PRIMARIOS DE METALES PRECIOSOS Y DE OTROS METALES NO FERROSOS N.C.P.,5085,"Suministros industriales, no clasificados en otra parte",5085
466200,VENTA AL POR MAYOR DE METALES Y MINERALES METALÍFEROS,5944,"Tiendas de relojería, joyerías y platería",5944
466902,VENTA AL POR MAYOR DE DESECHOS METÁLICOS (CHATARRA),5399,Varios. Mercancía General,5399
383001,RECUPERACIÓN Y RECICLAMIENTO DE DESPERDICIOS Y DESECHOS METÁLICOS,5931,Mercancía usada y tiendas de segunda mano,5931
261000,FABRICACIÓN DE COMPONENTES Y TABLEROS ELECTRÓNICOS,5732,Ventas Electrónicas,5732
264000,FABRICACIÓN DE APARATOS ELECTRÓNICOS DE CONSUMO,5732,Ventas Electrónicas,5732
265100,"FABRICACIÓN DE EQUIPO DE MEDICIÓN, PRUEBA, NAVEGACIÓN Y CONTROL",5732,Ventas Electrónicas,5732
273200,FABRICACIÓN DE OTROS HILOS Y CABLES ELÉCTRICOS,5085,"Suministros industriales, no clasificados en otra parte",5085
274000,FABRICACIÓN DE EQUIPO ELÉCTRICO DE ILUMINACIÓN,5085,"Suministros industriales, no clasificados en otra parte",5085
275000,FABRICACIÓN DE APARATOS DE USO DOMÉSTICO,5732,Ventas Electrónicas,5732
279000,FABRICACIÓN DE OTROS TIPOS DE EQUIPO ELÉCTRICO,5732,Ventas Electrónicas,5732
321100,FABRICACIÓN DE JOYAS Y ARTÍCULOS CONEXOS,5944,"Tiendas de relojería, joyerías y platería",5944
170200,FABRICACIÓN DE PAPEL Y CARTÓN ONDULADO Y DE ENVASES DE PAPEL Y CARTÓN,5085,"Suministros industriales, no clasificados en otra parte",5085
170900,FABRICACIÓN DE OTROS ARTÍCULOS DE PAPEL Y CARTÓN,5719,Tiendas especializadas en muebles para el hogar varios,5719
464904,VENTA AL POR MAYOR DE ARTÍCULOS DE PAPELERÍA Y ESCRITORIO,5942,Librerías,5942
141004,FABRICACIÓN DE ROPA DE TRABAJO,5611,Tiendas de ropa y complementos para hombre y niño,5611
152000,FABRICACIÓN DE CALZADO,5661,Zapaterías,5661
201109,FABRICACIÓN DE OTRAS SUSTANCIAS QUÍMICAS BÁSICAS N.C.P.,5085,"Suministros industriales, no clasificados en otra parte",5085
201200,FABRICACIÓN DE ABONOS Y COMPUESTOS DE NITRÓGENO,5261,Viveros - Tienda de suministros para césped y jardín,5261
202100,FABRICACIÓN DE PLAGUICIDAS Y OTROS PRODUCTOS QUÍMICOS DE USO AGROPECUARIO,5085,"Suministros industriales, no clasificados en otra parte",5085
202300,"FABRICACIÓN DE JABONES Y DETERGENTES, PREPARADOS PARA LIMPIAR, PERFUMES Y PREPARADOS DE TOCADOR",5085,"Suministros industriales, no clasificados en otra parte",5085
202901,FABRICACIÓN DE EXPLOSIVOS Y PRODUCTOS PIROTÉCNICOS,5085,"Suministros industriales, no clasificados en otra parte",5085
202909,FABRICACIÓN DE OTROS PRODUCTOS QUÍMICOS N.C.P.,5399,Varios. Mercancía General,5399
272000,"FABRICACIÓN DE PILAS, BATERÍAS Y ACUMULADORES",5085,"Suministros industriales, no clasificados en otra parte",5085
382200,TRATAMIENTO Y ELIMINACIÓN DE DESECHOS PELIGROSOS,7342,Servicios de exterminio y desinfección,7342
353002,ELABORACIÓN DE HIELO (EXCEPTO FABRICACIÓN DE HIELO SECO),5085,"Suministros industriales, no clasificados en otra parte",5085
466901,VENTA AL POR MAYOR DE PRODUCTOS QUÍMICOS,5085,"Suministros industriales, no clasificados en otra parte",5085
466909,"VENTA AL POR MAYOR DE DESPERDICIOS, DESECHOS Y OTROS PRODUCTOS N.C.P.",5931,Mercancía usada y tiendas de segunda mano,5931
381200,RECOGIDA DE DESECHOS PELIGROSOS,7342,Servicios de exterminio y desinfección,7342
192000,FABRICACIÓN DE PRODUCTOS DE LA REFINACIÓN DEL PETRÓLEO,5085,"Suministros industriales, no clasificados en otra parte",5085
91001,ACTIVIDADES DE APOYO PARA LA EXTRACCIÓN DE PETRÓLEO Y GAS NATURAL PRESTADOS POR EMPRESAS,5085,"Suministros industriales, no clasificados en otra parte",5085
581300,"EDICIÓN DE DIARIOS, REVISTAS Y OTRAS PUBLICACIONES PERIÓDICAS",2741,Publicaciones e imprentas varias,2741
464906,VENTA AL POR MAYOR DE DIARIOS Y REVISTAS,2741,Publicaciones e imprentas varias,2741
910100,ACTIVIDADES DE BIBLIOTECAS Y ARCHIVOS,2741,Publicaciones e imprentas varias,2741
202200,"FABRICACIÓN DE PINTURAS, BARNICES Y PRODUCTOS DE REVESTIMIENTO, TINTAS DE IMPRENTA Y MASILLAS",5085,"Suministros industriales, no clasificados en otra parte",5085
463011,VENTA AL POR MAYOR DE FRUTAS Y VERDURAS,5499,Varios. Tiendas de alimentos: tiendas de conveniencia y mercados especializados,5499
464901,"VENTA AL POR MAYOR DE MUEBLES, EXCEPTO MUEBLES DE OFICINA",5719,Tiendas especializadas en muebles para el hogar varios,5719
464901,"VENTA AL POR MAYOR DE MUEBLES, EXCEPTO MUEBLES DE OFICINA",5712,"Tiendas de muebles, muebles para el hogar y equipos, excepto electrodomésticos",5712
464902,VENTA AL POR MAYOR DE ARTÍCULOS ELÉCTRICOS Y ELECTRÓNICOS PARA EL HOGAR,5732,Ventas Electrónicas,5732
466100,"VENTA AL POR MAYOR DE COMBUSTIBLES SÓLIDOS, LÍQUIDOS Y GASEOSOS Y PRODUCTOS CONEXOS",5999,Tiendas minoristas diversas y especializadas,5999
469000,VENTA AL POR MAYOR NO ESPECIALIZADA,5399,Varios. Mercancía General,5399
105000,ELABORACIÓN DE PRODUCTOS LÁCTEOS,5499,Varios. Tiendas de alimentos: tiendas de conveniencia y mercados especializados,5499
301100,"CONSTRUCCIÓN DE BUQUES, EMBARCACIONES MENORES Y ESTRUCTURAS FLOTANTES",1799,"Contratistas: comercio especial, no clasificados en otra parte",1799
301200,CONSTRUCCIÓN DE EMBARCACIONES DE RECREO Y DE DEPORTE,1799,"Contratistas: comercio especial, no clasificados en otra parte",1799
291000,FABRICACIÓN DE VEHÍCULOS AUTOMOTORES,5533,"Repuestos de automóviles, Tiendas de accesorios",5533
292000,FABRICACIÓN DE CARROCERÍAS PARA VEHÍCULOS AUTOMOTORES; FABRICACIÓN DE REMOLQUES Y SEMIRREMOLQUES,7549,Servicios de remolque,7549
582000,EDICIÓN DE PROGRAMAS INFORMÁTICOS,4816,Servicios de redes informáticas,4816
620100,ACTIVIDADES DE PROGRAMACIÓN INFORMÁTICA,4816,Servicios de redes informáticas,4816
352020,"FABRICACIÓN DE GAS; DISTRIBUCIÓN DE COMBUSTIBLES GASEOSOS POR TUBERÍA, EXCEPTO REGASIFICACIÓN DE GNL",5542,Dispensadores de combustible automatizados,5542
352010,REGASIFICACIÓN DE GAS NATURAL LICUADO (GNL),4900,"Servicios Públicos de Electricidad, Gas, Sanitarios y Agua",4900
201101,FABRICACIÓN DE CARBÓN VEGETAL (EXCEPTO ACTIVADO); FABRICACIÓN DE BRIQUETAS DE CARBÓN VEGETAL,5085,"Suministros industriales, no clasificados en otra parte",5085
749001,ASESORÍA Y GESTIÓN EN LA COMPRA O VENTA DE PEQUEÑAS Y MEDIANAS EMPRESAS,7399,"Servicios comerciales, no clasificados en otra parte",7399
841300,REGULACIÓN Y FACILITACIÓN DE LA ACTIVIDAD ECONÓMICA,8931,"Servicios de contabilidad, auditoría y teneduría de libros",8931
841100,ACTIVIDADES DE LA ADMINISTRACIÓN PÚBLICA EN GENERAL,8999,Servicios profesionales (no definidos en otra parte),8999
842100,RELACIONES EXTERIORES,8999,Servicios profesionales (no definidos en otra parte),8999
829900,OTRAS ACTIVIDADES DE SERVICIOS DE APOYO A LAS EMPRESAS N.C.P.,8999,Servicios profesionales (no definidos en otra parte),8999
742001,"SERVICIOS DE REVELADO, IMPRESIÓN Y AMPLIACIÓN DE FOTOGRAFÍAS",7333,"Fotografía Comercial, Arte y Gráfica",7333
452001,SERVICIO DE LAVADO DE VEHÍCULOS AUTOMOTORES,7538,Talleres de servicio automotriz,7538
931101,HIPÓDROMOS,7995,"Apuestas (incluidos billetes de lotería, fichas de juegos de casino, apuestas fuera de la pista y apuestas en hipódromos)",7995
591100,"ACTIVIDADES DE PRODUCCIÓN DE PELÍCULAS CINEMATOGRÁFICAS, VIDEOS Y PROGRAMAS DE TELEVISIÓN",7832,Cines cinematográficos,7832
900001,"SERVICIOS DE PRODUCCIÓN DE OBRAS DE TEATRO, CONCIERTOS, ESPECTÁCULOS DE DANZA, OTRAS PROD. ESCÉNICAS",7922,"Productores teatrales (excepto películas), agencias de entradas",7922
900003,"ACTIVIDADES DE ARTISTAS REALIZADAS DE FORMA INDEPENDIENTE: ACTORES, MÚSICOS, ESCRITORES, ENTRE OTROS",8999,Servicios profesionales (no definidos en otra parte),8999
949100,ACTIVIDADES DE ORGANIZACIONES RELIGIOSAS,8641,"Asociaciones cívicas, fraternales y sociales",8641
941100,ACTIVIDADES DE ASOCIACIONES EMPRESARIALES Y DE EMPLEADORES,8641,"Asociaciones cívicas, fraternales y sociales",8641
941200,ACTIVIDADES DE ASOCIACIONES PROFESIONALES,8641,"Asociaciones cívicas, fraternales y sociales",8641
461009,OTROS TIPOS DE CORRETAJES O REMATES AL POR MAYOR N.C.P.,8999,Servicios profesionales (no definidos en otra parte),8999
920010,ACTIVIDADES DE CASINOS DE JUEGOS,9406,Loterías operadas por el gobierno,9406
920090,OTRAS ACTIVIDADES DE JUEGOS DE AZAR Y APUESTAS N.C.P.,9406,Loterías operadas por el gobierno,9406
731001,SERVICIOS DE PUBLICIDAD PRESTADOS POR EMPRESAS,5968,Marketing directo: comerciante de continuidad/suscripción,5968
649900,"OTRAS ACTIVIDADES DE SERVICIOS FINANCIEROS, EXCEPTO LAS DE SEGUROS Y FONDOS DE PENSIONES N.C.P.",6540,Instituciones no financieras: compra/carga con tarjeta de valor almacenado,6540
661909,OTRAS ACTIVIDADES AUXILIARES DE LAS ACTIVIDADES DE SERVICIOS FINANCIEROS N.C.P.,6540,Instituciones no financieras: compra/carga con tarjeta de valor almacenado,6540
960909,OTRAS ACTIVIDADES DE SERVICIOS PERSONALES N.C.P.,7273,Servicios de citas y acompañantes,7273
920090,OTRAS ACTIVIDADES DE JUEGOS DE AZAR Y APUESTAS N.C.P.,7800,Juegos de apuestas: loterías propiedad del gobierno,7800
731001,SERVICIOS DE PUBLICIDAD PRESTADOS POR EMPRESAS,5967,Marketing directo: comerciante de teleservicios entrantes,5967
479903,VENTA AL POR MENOR POR COMISIONISTAS (NO DEPENDIENTES DE COMERCIOS),5967,Marketing directo: comerciante de teleservicios entrantes,5967
731001,SERVICIOS DE PUBLICIDAD PRESTADOS POR EMPRESAS,5960,Marketing directo - Servicios de seguros,5960
479903,VENTA AL POR MENOR POR COMISIONISTAS (NO DEPENDIENTES DE COMERCIOS),5960,Marketing directo - Servicios de seguros,5960
791100,ACTIVIDADES DE AGENCIAS DE VIAJES,5962,Servicios de organización relacionados con viajes,5962
791200,ACTIVIDADES DE OPERADORES TURÍSTICOS,5962,Servicios de organización relacionados con viajes,5962
661204,ACTIVIDADES DE CASAS DE CAMBIO Y OPERADORES DE DIVISA,5972,Tiendas de sellos y monedas,5972
649900,"OTRAS ACTIVIDADES DE SERVICIOS FINANCIEROS, EXCEPTO LAS DE SEGUROS Y FONDOS DE PENSIONES N.C.P.",6532,Transacción de pago; Comerciante,6532
649900,"OTRAS ACTIVIDADES DE SERVICIOS FINANCIEROS, EXCEPTO LAS DE SEGUROS Y FONDOS DE PENSIONES N.C.P.",6533,Proveedor de servicios de pago Comercio Transacción de pago,6533
649900,"OTRAS ACTIVIDADES DE SERVICIOS FINANCIEROS, EXCEPTO LAS DE SEGUROS Y FONDOS DE PENSIONES N.C.P.",6536,Remesas de terceros o remesas alternativas. MoneySend – dentro del pais / Entre Paises,6536
649900,"OTRAS ACTIVIDADES DE SERVICIOS FINANCIEROS, EXCEPTO LAS DE SEGUROS Y FONDOS DE PENSIONES N.C.P.",6537,Transferencias de dinero internacionales (Transacciones de financiación para MoneySend),6537
649900,"OTRAS ACTIVIDADES DE SERVICIOS FINANCIEROS, EXCEPTO LAS DE SEGUROS Y FONDOS DE PENSIONES N.C.P.",6538,Transacciones de financiación para MoneySend,6538
932909,OTRAS ACTIVIDADES DE ESPARCIMIENTO Y RECREATIVAS N.C.P.,7993,Salas de videojuegos y establecimientos recreativos,7993
932901,GESTIÓN DE SALAS DE POOL; GESTIÓN (EXPLOTACIÓN) DE JUEGOS ELECTRÓNICOS,7993,Salas de videojuegos y establecimientos recreativos,7993
949909,ACTIVIDADES DE OTRAS ASOCIACIONES N.C.P.,8675,Asociaciones de Automóviles,8675
941200,ACTIVIDADES DE ASOCIACIONES PROFESIONALES,8675,Asociaciones de Automóviles,8675
841100,ACTIVIDADES DE LA ADMINISTRACIÓN PÚBLICA EN GENERAL,9211,"Costas judiciales, incluidas pensiones alimenticias y manutención de menores",9211
691009,SERVICIOS DE ARBITRAJE; SÍNDICOS DE QUIEBRA Y PERITOS JUDICIALES; OTRAS ACTIVIDADES JURÍDICAS N.C.P.,9211,"Costas judiciales, incluidas pensiones alimenticias y manutención de menores",9211
841100,ACTIVIDADES DE LA ADMINISTRACIÓN PÚBLICA EN GENERAL,9222,Multas (Fines); pagos de multas impuestas por entidades gubernamentales o legales,9222
841100,ACTIVIDADES DE LA ADMINISTRACIÓN PÚBLICA EN GENERAL,9223,Pagos de fianzas y bonos judiciales,9223
691009,SERVICIOS DE ARBITRAJE; SÍNDICOS DE QUIEBRA Y PERITOS JUDICIALES; OTRAS ACTIVIDADES JURÍDICAS N.C.P.,9223,Pagos de fianzas y bonos judiciales,9223
649900,"OTRAS ACTIVIDADES DE SERVICIOS FINANCIEROS, EXCEPTO LAS DE SEGUROS Y FONDOS DE PENSIONES N.C.P.",9950,Compras dentro de una misma empresa (Intra-Company Purchases),9950
559009,OTRAS ACTIVIDADES DE ALOJAMIENTO N.C.P.,3509,MARRIOTT HOTELS,3509
551001,ACTIVIDADES DE HOTELES,3509,MARRIOTT HOTELS,3509
476400,VENTA AL POR MENOR DE JUEGOS Y JUGUETES EN COMERCIOS ESPECIALIZADOS,5816,Productos digitales: Juegos,5816